tipo,id_supabase,curso_supabase,chave_supabase,periodo_site_meses,preco_desconto_site_R$,preco_cheio_site_R$,preco_desconto_supabase_preco_com_desconto,preco_cheio_supabase,campo_grad_ou_pos_supabase,match_catalogo,status,observacoes,url_fonte
pos,124,Pós-Graduação em Psicopedagogia com Ênfase em Psicomotricidade,Psicopedagogia com Ênfase em PsicomotricidadeEAD,6,187,623.33,33,623,187,exato: Pós-Graduação em Psicopedagogia com Ênfase em Psicomotricidade,divergente_campo_desconto,preco_com_desconto_aparenta_coluna_errada; valor_correto_parece_estar_em_grad_ou_pos; atualizar_preco_com_desconto_de_grad_ou_pos,https://mg.sumare.edu.br/pos-graduacao/ead
pos,125,Pós-Graduação em Deficiência Auditiva (LIBRAS),Pós-Graduação em Deficiência Auditiva (LIBRAS)EAD,6,187,623.33,33,623,187,exato: Pós-Graduação em Deficiência Auditiva (LIBRAS),divergente_campo_desconto,preco_com_desconto_aparenta_coluna_errada; valor_correto_parece_estar_em_grad_ou_pos; atualizar_preco_com_desconto_de_grad_ou_pos,https://mg.sumare.edu.br/pos-graduacao/ead
pos,126,Pós-Graduação em Gestão Escolar com foco em Recursos Humanos,Pós-Graduação em Gestão Escolar com foco em Recursos HumanosEAD,6,187,623.33,33,623,187,exato: Pós-Graduação em Gestão Escolar com foco em Recursos Humanos,divergente_campo_desconto,preco_com_desconto_aparenta_coluna_errada; valor_correto_parece_estar_em_grad_ou_pos; atualizar_preco_com_desconto_de_grad_ou_pos,https://mg.sumare.edu.br/pos-graduacao/ead
pos,127,Pós-Graduação em Educação Infantil e Desenvolvimento da Linguagem,Pós-Graduação em Educação Infantil e Desenvolvimento da LinguagemEAD,6,187,623.33,33,623,187,exato: Pós-Graduação em Educação Infantil e Desenvolvimento da Linguagem,divergente_campo_desconto,preco_com_desconto_aparenta_coluna_errada; valor_correto_parece_estar_em_grad_ou_pos; atualizar_preco_com_desconto_de_grad_ou_pos,https://mg.sumare.edu.br/pos-graduacao/ead
pos,128,Pós-Graduação em Ensino Lúdico,Pós-Graduação em Ensino LúdicoEAD,6,187,623.33,33,623,187,exato: Pós-Graduação em Ensino Lúdico,divergente_campo_desconto,preco_com_desconto_aparenta_coluna_errada; valor_correto_parece_estar_em_grad_ou_pos; atualizar_preco_com_desconto_de_grad_ou_pos,https://mg.sumare.edu.br/pos-graduacao/ead
pos,129,Pós-Graduação em Administração de Empresas para Engenheiros,Pós-Graduação em Administração de Empresas para EngenheirosEAD,6,227,756.65,65,756,227,exato: Pós-Graduação em Administração de Empresas para Engenheiros,divergente_campo_desconto,preco_com_desconto_aparenta_coluna_errada; valor_correto_parece_estar_em_grad_ou_pos; atualizar_preco_com_desconto_de_grad_ou_pos,https://mg.sumare.edu.br/pos-graduacao/ead
pos,130,Pós-Graduação em Serviços e Sistemas de Saúde,Pós-Graduação em Serviços e Sistemas de SaúdeEAD,6,187,623.33,33,623,187,exato: Pós-Graduação em Serviços e Sistemas de Saúde,divergente_campo_desconto,preco_com_desconto_aparenta_coluna_errada; valor_correto_parece_estar_em_grad_ou_pos; atualizar_preco_com_desconto_de_grad_ou_pos,https://mg.sumare.edu.br/pos-graduacao/ead
pos,131,MBA em Gestão Empresarial,MBA em Gestão EmpresarialEAD,6,187,747.5,33,623,187,exato: MBA em Gestão Empresarial,divergente_campo_desconto,preco_com_desconto_aparenta_coluna_errada; valor_correto_parece_estar_em_grad_ou_pos; cheio_db=623_site=747.5,https://mg.sumare.edu.br/pos-graduacao/ead
pos,132,MBA em Gestão de Projeto,MBA em Gestão de ProjetoEAD,6,187,623.33,33,623,187,exato: MBA em Gestão de Projeto,divergente_campo_desconto,preco_com_desconto_aparenta_coluna_errada; valor_correto_parece_estar_em_grad_ou_pos; atualizar_preco_com_desconto_de_grad_ou_pos,https://mg.sumare.edu.br/pos-graduacao/ead
pos,133,MBA em Liderança e Gestão de Pessoas,MBA em Liderança e Gestão de PessoasEAD,6,187,623.33,33,623,187,exato: MBA em Liderança e Gestão de Pessoas,divergente_campo_desconto,preco_com_desconto_aparenta_coluna_errada; valor_correto_parece_estar_em_grad_ou_pos; atualizar_preco_com_desconto_de_grad_ou_pos,https://mg.sumare.edu.br/pos-graduacao/ead
pos,134,MBA em Finanças Corporativas,MBA em Finanças CorporativasEAD,6,187,623.33,33,623,187,exato: MBA em Finanças Corporativas,divergente_campo_desconto,preco_com_desconto_aparenta_coluna_errada; valor_correto_parece_estar_em_grad_ou_pos; atualizar_preco_com_desconto_de_grad_ou_pos,https://mg.sumare.edu.br/pos-graduacao/ead
pos,135,MBA em Negócios e Vendas,MBA em Negócios e VendasEAD,6,187,623.33,33,623,187,exato: MBA em Negócios e Vendas,divergente_campo_desconto,preco_com_desconto_aparenta_coluna_errada; valor_correto_parece_estar_em_grad_ou_pos; atualizar_preco_com_desconto_de_grad_ou_pos,https://mg.sumare.edu.br/pos-graduacao/ead
pos,136,MBA em Gestão da Qualidade,MBA em Gestão da QualidadeEAD,6,187,623.33,33,623,187,exato: MBA em Gestão da Qualidade,divergente_campo_desconto,preco_com_desconto_aparenta_coluna_errada; valor_correto_parece_estar_em_grad_ou_pos; atualizar_preco_com_desconto_de_grad_ou_pos,https://mg.sumare.edu.br/pos-graduacao/ead
pos,137,MBA em Operações e Logística,MBA em Operações e LogísticaEAD,6,187,623.33,33,623,187,exato: MBA em Operações e Logística,divergente_campo_desconto,preco_com_desconto_aparenta_coluna_errada; valor_correto_parece_estar_em_grad_ou_pos; atualizar_preco_com_desconto_de_grad_ou_pos,https://mg.sumare.edu.br/pos-graduacao/ead
pos,138,Pós-Graduação em Psicologia Organizacional e do Trabalho,Pós-Graduação em Psicologia Organizacional e do TrabalhoEAD,6,187,623.33,33,623,187,exato: Pós-Graduação em Psicologia Organizacional e do Trabalho,divergente_campo_desconto,preco_com_desconto_aparenta_coluna_errada; valor_correto_parece_estar_em_grad_ou_pos; atualizar_preco_com_desconto_de_grad_ou_pos,https://mg.sumare.edu.br/pos-graduacao/ead
pos,139,Pós-Graduação em Fiscalização Urbana,Pós-Graduação em Fiscalização UrbanaEAD,6,399,997.5,5,997,399,exato: Pós-Graduação em Fiscalização Urbana,divergente_campo_desconto,valor_correto_parece_estar_em_grad_ou_pos; atualizar_preco_com_desconto_de_grad_ou_pos,https://mg.sumare.edu.br/pos-graduacao/ead
pos,140,Pós-Graduação em Análise e Projeto de Sistemas,Pós-Graduação em Análise e Projeto de SistemasEAD,6,187,623.33,33,623,187,exato: Pós-graduação em Análise e Projeto de Sistemas,divergente_campo_desconto,preco_com_desconto_aparenta_coluna_errada; valor_correto_parece_estar_em_grad_ou_pos; atualizar_preco_com_desconto_de_grad_ou_pos,https://mg.sumare.edu.br/pos-graduacao/ead
pos,141,Pós-Graduação em Ciência de Dados,Pós-Graduação em Ciência de DadosEAD,6,187,623.33,33,623,187,exato: Pós-Graduação em Ciência de Dados,divergente_campo_desconto,preco_com_desconto_aparenta_coluna_errada; valor_correto_parece_estar_em_grad_ou_pos; atualizar_preco_com_desconto_de_grad_ou_pos,https://mg.sumare.edu.br/pos-graduacao/ead
pos,142,Pós-Graduação em Segurança da Informação,Pós-Graduação em Segurança da InformaçãoEAD,6,187,623.33,33,623,187,exato: Pós-Graduação em Segurança da Informação,divergente_campo_desconto,preco_com_desconto_aparenta_coluna_errada; valor_correto_parece_estar_em_grad_ou_pos; atualizar_preco_com_desconto_de_grad_ou_pos,https://mg.sumare.edu.br/pos-graduacao/ead
pos,143,Pós-Graduação em Educação Especial e Inclusiva,Pós-Graduação em Educação Especial e InclusivaEAD,,,,65,636,191,,sem_match_site,preco_com_desconto_aparenta_coluna_errada; NAO_ENCONTRADO_NO_CATALOGO_OFICIAL,https://mg.sumare.edu.br/pos-graduacao/ead
pos,144,Pós-Graduação em Alfabetização e Letramento,Pós-Graduação em Alfabetização e LetramentoEAD,,,,65,636,191,,sem_match_site,preco_com_desconto_aparenta_coluna_errada; NAO_ENCONTRADO_NO_CATALOGO_OFICIAL,https://mg.sumare.edu.br/pos-graduacao/ead
pos,145,Pós-Graduação em Neuropsicopedagogia,Pós-Graduação em NeuropsicopedagogiaEAD,6,187,623.33,65,636,191,parcial(50%): Pós-Graduação em Psicopedagogia com Ênfase em Psicomotricidade,divergente,preco_com_desconto_aparenta_coluna_errada; desconto_db=65_extra=191_site=187; cheio_db=636_site=623.33,https://mg.sumare.edu.br/pos-graduacao/ead
pos,146,Pós-Graduação em Coordenação Pedagógica e Gestão Estratégica de Instituições de Ensino,Pós-Graduação em Coordenação Pedagógica e Gestão Estratégica de Instituições de EnsinoEAD,6,187,623.33,65,636,191,parcial(67%): Pós-Graduação em Ensino Lúdico,divergente,preco_com_desconto_aparenta_coluna_errada; desconto_db=65_extra=191_site=187; cheio_db=636_site=623.33,https://mg.sumare.edu.br/pos-graduacao/ead
pos,147,Tecnologias e Metodologias Ativas para o Ensino a DistânciaEAD,Pós-Graduação em Educação Digital,,,,Tecnologias e Metodologias Ativas para o Ensino a Distância,Pós-Graduação em Educação Digital,636,,sem_match_site,REGISTRO_CORROMPIDO(colunas deslocadas); NAO_ENCONTRADO_NO_CATALOGO_OFICIAL,https://mg.sumare.edu.br/pos-graduacao/ead
pos,148,Pós-Graduação em Educação para o Transtorno do Espectro Autista (TEA),Pós-Graduação em Educação para o Transtorno do Espectro Autista (TEA)EAD,,,,65,636,191,,sem_match_site,preco_com_desconto_aparenta_coluna_errada; NAO_ENCONTRADO_NO_CATALOGO_OFICIAL,https://mg.sumare.edu.br/pos-graduacao/ead
pos,149,Pós-Graduação em Psicopedagogia Institucional e Clínica,Pós-Graduação em Psicopedagogia Institucional e ClínicaEAD,6,187,623.33,65,636,191,parcial(50%): Pós-Graduação em Psicopedagogia com Ênfase em Psicomotricidade,divergente,preco_com_desconto_aparenta_coluna_errada; desconto_db=65_extra=191_site=187; cheio_db=636_site=623.33,https://mg.sumare.edu.br/pos-graduacao/ead
pos,150,Pós-Graduação em Engenharia da Produção e Manutenção,Pós-Graduação em Engenharia da Produção e ManutençãoEAD,,,,65,636,191,,sem_match_site,preco_com_desconto_aparenta_coluna_errada; NAO_ENCONTRADO_NO_CATALOGO_OFICIAL,https://mg.sumare.edu.br/pos-graduacao/ead
pos,151,Pós-Graduação em Engenharia da Qualidade Lean Six Sigma,Pós-Graduação em Engenharia da Qualidade Lean Six SigmaEAD,6,187,623.33,65,636,191,parcial(50%): MBA em Gestão da Qualidade,divergente,preco_com_desconto_aparenta_coluna_errada; desconto_db=65_extra=191_site=187; cheio_db=636_site=623.33,https://mg.sumare.edu.br/pos-graduacao/ead
pos,152,Pós-Graduação em Engenharia da Segurança do Trabalho,Pós-Graduação em Engenharia da Segurança do TrabalhoEAD,6,187,623.33,65,636,191,parcial(67%): Pós-Graduação em Segurança da Informação,divergente,preco_com_desconto_aparenta_coluna_errada; desconto_db=65_extra=191_site=187; cheio_db=636_site=623.33,https://mg.sumare.edu.br/pos-graduacao/ead
pos,153,Neurociências e ComportamentoEAD,Pós-Graduação em Psicologia,,,,Neurociências e Comportamento,Pós-Graduação em Psicologia,636,,sem_match_site,REGISTRO_CORROMPIDO(colunas deslocadas); NAO_ENCONTRADO_NO_CATALOGO_OFICIAL,https://mg.sumare.edu.br/pos-graduacao/ead
pos,154,Pós-Graduação em Business Partner para a Gestão Estratégica de RH,Pós-Graduação em Business Partner para a Gestão Estratégica de RHEAD,6,187,747.5,65,636,191,parcial(50%): MBA em Gestão Empresarial,divergente,preco_com_desconto_aparenta_coluna_errada; desconto_db=65_extra=191_site=187; cheio_db=636_site=747.5,https://mg.sumare.edu.br/pos-graduacao/ead
pos,155,Pós-Graduação em Psicologia Positiva e Desenvolvimento do Capital Humano nas Organizações,Pós-Graduação em Psicologia Positiva e Desenvolvimento do Capital Humano nas OrganizaçõesEAD,6,187,623.33,65,636,191,parcial(50%): Pós-Graduação em Psicologia Organizacional e do Trabalho,divergente,preco_com_desconto_aparenta_coluna_errada; desconto_db=65_extra=191_site=187; cheio_db=636_site=623.33,https://mg.sumare.edu.br/pos-graduacao/ead
pos,156,Pós-Graduação em Gestão Estratégica de Pessoas: liderança de alta performance e coaching,Pós-Graduação em Gestão Estratégica de Pessoas: liderança de alta performance e coachingEAD,6,187,623.33,65,636,191,parcial(100%): MBA em Liderança e Gestão de Pessoas,divergente,preco_com_desconto_aparenta_coluna_errada; desconto_db=65_extra=191_site=187; cheio_db=636_site=623.33,https://mg.sumare.edu.br/pos-graduacao/ead
pos,157,Pós-Graduação em Gestão Fiscal e Planejamento Tributário,Pós-Graduação em Gestão Fiscal e Planejamento TributárioEAD,6,187,747.5,65,636,191,parcial(50%): MBA em Gestão Empresarial,divergente,preco_com_desconto_aparenta_coluna_errada; desconto_db=65_extra=191_site=187; cheio_db=636_site=747.5,https://mg.sumare.edu.br/pos-graduacao/ead
pos,158,Controller e Auditoria FinanceiraEAD,MBA Executivo em Corporate Finance,,,,Controller e Auditoria Financeira,MBA Executivo em Corporate Finance,636,,sem_match_site,REGISTRO_CORROMPIDO(colunas deslocadas); NAO_ENCONTRADO_NO_CATALOGO_OFICIAL,https://mg.sumare.edu.br/pos-graduacao/ead
pos,159,MBA Em Controladoria e Contabilidade gerencial,MBA Em Controladoria e Contabilidade gerencialEAD,,,,65,636,191,,sem_match_site,preco_com_desconto_aparenta_coluna_errada; NAO_ENCONTRADO_NO_CATALOGO_OFICIAL,https://mg.sumare.edu.br/pos-graduacao/ead
pos,160,MBA em Marketing e Negócios em Mídias Digitais,MBA em Marketing e Negócios em Mídias DigitaisEAD,6,187,623.33,65,636,191,parcial(50%): MBA em Negócios e Vendas,divergente,preco_com_desconto_aparenta_coluna_errada; desconto_db=65_extra=191_site=187; cheio_db=636_site=623.33,https://mg.sumare.edu.br/pos-graduacao/ead
pos,161,Negociação e Inteligência de MercadoEAD,MBA Gestão Comercial,,,,Negociação e Inteligência de Mercado,MBA Gestão Comercial,636,,sem_match_site,REGISTRO_CORROMPIDO(colunas deslocadas); NAO_ENCONTRADO_NO_CATALOGO_OFICIAL,https://mg.sumare.edu.br/pos-graduacao/ead
pos,162,MBA Executivo em Gestão de Negócios e Estratégia Corporativa,MBA Executivo em Gestão de Negócios e Estratégia CorporativaEAD,6,187,747.5,65,636,191,parcial(50%): MBA em Gestão Empresarial,divergente,preco_com_desconto_aparenta_coluna_errada; desconto_db=65_extra=191_site=187; cheio_db=636_site=747.5,https://mg.sumare.edu.br/pos-graduacao/ead
pos,163,MBA em gerência de Projetos e Processos Organizacionais,MBA em gerência de Projetos e Processos OrganizacionaisEAD,6,187,623.33,65,636,191,parcial(50%): MBA em Gestão de Projeto,divergente,preco_com_desconto_aparenta_coluna_errada; desconto_db=65_extra=191_site=187; cheio_db=636_site=623.33,https://mg.sumare.edu.br/pos-graduacao/ead
pos,164,Lean Supply Chain e Gestão Estratégica de ComprasEAD,MBA em Logística,6,187,747.5,Lean Supply Chain e Gestão Estratégica de Compras,MBA em Logística,636,parcial(50%): MBA em Gestão Empresarial,divergente,REGISTRO_CORROMPIDO(colunas deslocadas); desconto_db=Lean Supply Chain e Gestão Estratégica de Compras_extra=636_site=187; cheio_db=MBA em Logística_site=747.5,https://mg.sumare.edu.br/pos-graduacao/ead
grad,128,Graduação - Administração,AdministraçãoEADBacharelado,8,107,356.65,107,357,GRADUACAO,exato: Administração,ok,,https://pr.sumare.edu.br/graduacao/ead
grad,129,Graduação - Análise e Desenvolvimento de Sistemas,Análise e Desenvolvimento de SistemasEADTecnólogo,8,97,323.33,97,323,GRADUACAO,exato: Análise e Desenvolvimento de Sistemas,ok,,https://pr.sumare.edu.br/graduacao/ead
grad,130,Graduação - Arquitetura e Urbanismo,Arquitetura e UrbanismoEADBacharelado,8,187,623.33,257,860,GRADUACAO,exato: Arquitetura e Urbanismo,divergente,desconto_db=257_extra=GRADUACAO_site=187; cheio_db=860_site=623.33,https://pr.sumare.edu.br/graduacao/ead
grad,131,Graduação - Banco de Dados,Banco de DadosEADTecnólogo,8,87,290,87,290,GRADUACAO,exato: Banco de Dados,ok,,https://pr.sumare.edu.br/graduacao/ead
grad,132,Graduação - Biomedicina,BiomedicinaEADBacharelado,8,197,656.66,237,790,GRADUACAO,exato: Biomedicina,divergente,desconto_db=237_extra=GRADUACAO_site=197; cheio_db=790_site=656.66,https://pr.sumare.edu.br/graduacao/ead
grad,133,Graduação - Ciência da Computação,Ciência da ComputaçãoEADBacharelado,8,97,323.33,97,323,GRADUACAO,exato: Ciência da Computação,ok,,https://pr.sumare.edu.br/graduacao/ead
grad,134,Graduação - Ciências Contábeis,Ciências ContábeisEADBacharelado,8,107,356.66,107,323,GRADUACAO,exato: Ciências Contábeis,divergente,cheio_db=323_site=356.66,https://pr.sumare.edu.br/graduacao/ead
grad,135,Graduação - Ciências econômicas,Ciências econômicasEADBacharelado,8,97,323.33,97,323,GRADUACAO,exato: Ciências Econômicas,ok,,https://pr.sumare.edu.br/graduacao/ead
grad,136,Graduação - Educação Física - Bacharelado,Educação Física - BachareladoEADBacharelado,8,97,323.33,177,590,GRADUACAO,exato: Educação Física - Licenciatura,divergente,desconto_db=177_extra=GRADUACAO_site=97; cheio_db=590_site=323.33,https://pr.sumare.edu.br/graduacao/ead
grad,137,Graduação - Educação Física - Licenciatura,Educação Física - LicenciaturaEADLicenciatura,8,97,323.33,149,590,GRADUACAO,exato: Educação Física - Licenciatura,divergente,desconto_db=149_extra=GRADUACAO_site=97; cheio_db=590_site=323.33,https://pr.sumare.edu.br/graduacao/ead
grad,138,Graduação - Engenharia Civil,Engenharia CivilEADBacharelado,8,197,656.66,237,790,GRADUACAO,exato: Engenharia Civil,divergente,desconto_db=237_extra=GRADUACAO_site=197; cheio_db=790_site=656.66,https://pr.sumare.edu.br/graduacao/ead
grad,139,Graduação - Engenharia de Produção,Engenharia de ProduçãoEADBacharelado,8,197,656.66,237,790,GRADUACAO,exato: Engenharia de Produção,divergente,desconto_db=237_extra=GRADUACAO_site=197; cheio_db=790_site=656.66,https://pr.sumare.edu.br/graduacao/ead
grad,140,Graduação - Engenharia Elétrica,Engenharia ElétricaEADBacharelado,8,197,656.66,237,790,GRADUACAO,exato: Engenharia Elétrica,divergente,desconto_db=237_extra=GRADUACAO_site=197; cheio_db=790_site=656.66,https://pr.sumare.edu.br/graduacao/ead
grad,141,Graduação - Engenharia Mecânica,Engenharia MecânicaEADBacharelado,8,197,656.66,237,790,GRADUACAO,exato: Engenharia Mecânica,divergente,desconto_db=237_extra=GRADUACAO_site=197; cheio_db=790_site=656.66,https://pr.sumare.edu.br/graduacao/ead
grad,142,Graduação - Farmácia,FarmáciaEADBacharelado,8,187,623.33,227,757,GRADUACAO,exato: Farmácia,divergente,desconto_db=227_extra=GRADUACAO_site=187; cheio_db=757_site=623.33,https://pr.sumare.edu.br/graduacao/ead
grad,143,Graduação - Fisioterapia,FisioterapiaEADBacharelado,8,187,623.33,227,790,GRADUACAO,exato: Fisioterapia,divergente,desconto_db=227_extra=GRADUACAO_site=187; cheio_db=790_site=623.33,https://pr.sumare.edu.br/graduacao/ead
grad,144,Graduação - Gastronomia,GastronomiaEADTecnólogo,8,87,290,87,290,GRADUACAO,exato: Gastronomia,ok,,https://pr.sumare.edu.br/graduacao/ead
grad,145,Graduação - Geografia,GeografiaEADLicenciatura,8,87,290,107,357,GRADUACAO,exato: Geografia,divergente,desconto_db=107_extra=GRADUACAO_site=87; cheio_db=357_site=290,https://pr.sumare.edu.br/graduacao/ead
grad,146,Graduação - Gestão Comercial,Gestão ComercialEADTecnólogo,8,87,290,87,290,GRADUACAO,exato: Gestão Comercial,ok,,https://pr.sumare.edu.br/graduacao/ead
grad,147,Graduação - Gestão de Qualidade,Gestão de QualidadeEADTecnólogo,8,87,290,87,290,GRADUACAO,exato: Gestão de Qualidade,ok,,https://pr.sumare.edu.br/graduacao/ead
grad,148,Graduação - Gestão da Tecnologia da Informação,Gestão da Tecnologia da InformaçãoEADTecnólogo,8,87,290,87,290,GRADUACAO,exato: Gestão da Tecnologia da Informação,ok,,https://pr.sumare.edu.br/graduacao/ead
grad,149,Graduação - Recursos Humanos,Recursos HumanosEADTecnólogo,8,97,323.33,97,323,GRADUACAO,exato: Gestão de Recursos Humanos,ok,,https://pr.sumare.edu.br/graduacao/ead
grad,150,Graduação - Gestão de Segurança Privada,Gestão de Segurança PrivadaEADTecnólogo,8,87,290,87,290,GRADUACAO,exato: Gestão de Segurança Privada,ok,,https://pr.sumare.edu.br/graduacao/ead
grad,151,Graduação - Gestão Financeira,Gestão FinanceiraEADTecnólogo,8,87,290,87,290,GRADUACAO,exato: Gestão Financeira,ok,,https://pr.sumare.edu.br/graduacao/ead
grad,152,Graduação - Gestão Pública,Gestão PúblicaEADTecnólogo,8,87,290,87,290,GRADUACAO,exato: Gestão Pública,ok,,https://pr.sumare.edu.br/graduacao/ead
grad,153,Graduação - História,HistóriaEADLicenciatura,8,87,290,107,357,GRADUACAO,exato: História,divergente,desconto_db=107_extra=GRADUACAO_site=87; cheio_db=357_site=290,https://pr.sumare.edu.br/graduacao/ead
grad,154,Graduação - Jogos Digitais,Jogos DigitaisEADTecnólogo,8,87,290,57,290,GRADUACAO,exato: Jogos Digitais,divergente,desconto_db=57_extra=GRADUACAO_site=87,https://pr.sumare.edu.br/graduacao/ead
grad,155,Graduação - Jornalismo,JornalismoEADBacharelado,8,87,290,87,290,GRADUACAO,exato: Jornalismo,ok,,https://pr.sumare.edu.br/graduacao/ead
grad,156,Graduação - Letras Habilitação Língua Portuguesa,Letras Habilitação Língua PortuguesaEADLicenciatura,8,87,290,107,357,GRADUACAO,exato: Letras Habilitação Língua Portuguesa,divergente,desconto_db=107_extra=GRADUACAO_site=87; cheio_db=357_site=290,https://pr.sumare.edu.br/graduacao/ead
grad,157,Graduação - Logística,LogísticaEADTecnólogo,8,97,323.33,97,323,GRADUACAO,exato: Logística,ok,,https://pr.sumare.edu.br/graduacao/ead
grad,158,Graduação - Marketing,MarketingEADTecnólogo,8,97,323.33,97,323,GRADUACAO,exato: Marketing,ok,,https://pr.sumare.edu.br/graduacao/ead
grad,159,Graduação - Matemática,MatemáticaEADLicenciatura,8,87,290,107,357,GRADUACAO,exato: Matemática,divergente,desconto_db=107_extra=GRADUACAO_site=87; cheio_db=357_site=290,https://pr.sumare.edu.br/graduacao/ead
grad,160,Graduação - Nutrição,NutriçãoEADBacharelado,8,197,656.66,237,790,GRADUACAO,exato: Nutrição,divergente,desconto_db=237_extra=GRADUACAO_site=197; cheio_db=790_site=656.66,https://pr.sumare.edu.br/graduacao/ead
grad,161,Graduação - Pedagogia,PedagogiaEADLicenciatura,8,97,323.33,117,390,GRADUACAO,exato: Pedagogia,divergente,desconto_db=117_extra=GRADUACAO_site=97; cheio_db=390_site=323.33,https://pr.sumare.edu.br/graduacao/ead
grad,162,Graduação - Processos Gerenciais,Processos GerenciaisEADTecnólogo,8,87,290,87,290,GRADUACAO,exato: Processos Gerenciais,ok,,https://pr.sumare.edu.br/graduacao/ead
grad,163,Graduação - Sistemas Para Internet,Sistemas Para InternetEADTecnólogo,8,87,290,87,290,GRADUACAO,exato: Sistemas para Internet,ok,,https://pr.sumare.edu.br/graduacao/ead
grad,164,Graduação - Publicidade e Propaganda,Publicidade e PropagandaEADBacharelado,8,87,290,87,290,GRADUACAO,exato: Publicidade e Propaganda,ok,,https://pr.sumare.edu.br/graduacao/ead
grad,165,Graduação - Redes de Computadores,Redes de ComputadoresEADTecnólogo,8,87,290,87,290,GRADUACAO,exato: Redes de Computadores,ok,,https://pr.sumare.edu.br/graduacao/ead
grad,166,Graduação - Saneamento Ambiental,Saneamento AmbientalEADTecnólogo,8,57,190,147,490,GRADUACAO,exato: Saneamento Ambiental,divergente,desconto_db=147_extra=GRADUACAO_site=57; cheio_db=490_site=190,https://pr.sumare.edu.br/graduacao/ead
grad,167,Graduação - Superior em Serviço Social,Superior em Serviço SocialEADBacharelado,8,87,290,167,557,GRADUACAO,exato: Superior em Serviço Social,divergente,desconto_db=167_extra=GRADUACAO_site=87; cheio_db=557_site=290,https://pr.sumare.edu.br/graduacao/ead
grad,168,Graduação - Sistemas Para Internet,Sistemas de Informação,8,87,290,97,323,GRADUACAO,exato: Sistemas para Internet,divergente,desconto_db=97_extra=GRADUACAO_site=87; cheio_db=323_site=290,https://pr.sumare.edu.br/graduacao/ead