curso_id,curso_nome,modalidade,nivel,url_pagina,fonte_dados,pagina_carrossel,ordem_na_pagina,ordem_global,disciplina,texto_intro_secao
ead-administracao-empresas-engenheiros,Administração de Empresas para Engenheiros,EAD,pos,https://mg.sumare.edu.br/cursos/pos-graduacao/ead/ead-administracao-empresas-engenheiros,html,1,1,1,Estratégia Empresarial - 60hs,"As disciplinas de cada curso da Sumaré são concebidas pelo NDE (Núcleo Docente Estruturante), que é composto por professores com notório saber, que além da DCN (Diretrizes Curriculares Nacionais) de cada curso, levam em consideração as pautas mais importantes do mercado de trabalho, ou seja, o que você aprende na Sumaré você usa na prática!"
ead-administracao-empresas-engenheiros,Administração de Empresas para Engenheiros,EAD,pos,https://mg.sumare.edu.br/cursos/pos-graduacao/ead/ead-administracao-empresas-engenheiros,html,1,2,2,Gestão de Pessoas - 60hs,
ead-administracao-empresas-engenheiros,Administração de Empresas para Engenheiros,EAD,pos,https://mg.sumare.edu.br/cursos/pos-graduacao/ead/ead-administracao-empresas-engenheiros,html,1,3,3,Direito Empresarial - 60hs,
ead-administracao-empresas-engenheiros,Administração de Empresas para Engenheiros,EAD,pos,https://mg.sumare.edu.br/cursos/pos-graduacao/ead/ead-administracao-empresas-engenheiros,html,1,4,4,Negociação e Comunicação Executiva - 60hs,
ead-administracao-empresas-engenheiros,Administração de Empresas para Engenheiros,EAD,pos,https://mg.sumare.edu.br/cursos/pos-graduacao/ead/ead-administracao-empresas-engenheiros,html,1,5,5,Marketing Empresarial - 60hs,
ead-administracao-empresas-engenheiros,Administração de Empresas para Engenheiros,EAD,pos,https://mg.sumare.edu.br/cursos/pos-graduacao/ead/ead-administracao-empresas-engenheiros,html,1,6,6,Administração Financeira - 60hs,
ead-ciencia-de-dados,Ciência de Dados,EAD,pos,https://mg.sumare.edu.br/cursos/pos-graduacao/ead/ead-ciencia-de-dados,html,1,1,1,Gestão de Projetos - 60hs,"As disciplinas de cada curso da Sumaré são concebidas pelo NDE (Núcleo Docente Estruturante), que é composto por professores com notório saber, que além da DCN (Diretrizes Curriculares Nacionais) de cada curso, levam em consideração as pautas mais importantes do mercado de trabalho, ou seja, o que você aprende na Sumaré você usa na prática!"
ead-ciencia-de-dados,Ciência de Dados,EAD,pos,https://mg.sumare.edu.br/cursos/pos-graduacao/ead/ead-ciencia-de-dados,html,1,2,2,Sistemas e Tecnologia da Informação - 60hs,
ead-ciencia-de-dados,Ciência de Dados,EAD,pos,https://mg.sumare.edu.br/cursos/pos-graduacao/ead/ead-ciencia-de-dados,html,1,3,3,Modelagem e Desenvolvimento de Banco de Dados - 60hs,
ead-ciencia-de-dados,Ciência de Dados,EAD,pos,https://mg.sumare.edu.br/cursos/pos-graduacao/ead/ead-ciencia-de-dados,html,1,4,4,BIG Data e IoT - 60hs,
ead-ciencia-de-dados,Ciência de Dados,EAD,pos,https://mg.sumare.edu.br/cursos/pos-graduacao/ead/ead-ciencia-de-dados,html,1,5,5,Análise de Dados - 60hs,
ead-ciencia-de-dados,Ciência de Dados,EAD,pos,https://mg.sumare.edu.br/cursos/pos-graduacao/ead/ead-ciencia-de-dados,html,1,6,6,Administração de Banco de Dados - 60hs,
ead-educacao-infantil-desenvolvimento-da-linguagem,Educação Infantil e Desenvolvimento da Linguagem,EAD,pos,https://mg.sumare.edu.br/cursos/pos-graduacao/ead/ead-educacao-infantil-desenvolvimento-da-linguagem,html,1,1,1,Processos de Aprendizagem - 60hs,"As disciplinas de cada curso da Sumaré são concebidas pelo NDE (Núcleo Docente Estruturante), que é composto por professores com notório saber, que além da DCN (Diretrizes Curriculares Nacionais) de cada curso, levam em consideração as pautas mais importantes do mercado de trabalho, ou seja, o que você aprende na Sumaré você usa na prática!"
ead-educacao-infantil-desenvolvimento-da-linguagem,Educação Infantil e Desenvolvimento da Linguagem,EAD,pos,https://mg.sumare.edu.br/cursos/pos-graduacao/ead/ead-educacao-infantil-desenvolvimento-da-linguagem,html,1,2,2,Criatividade e Competências Socioemocionais na Educação - 60hs,
ead-educacao-infantil-desenvolvimento-da-linguagem,Educação Infantil e Desenvolvimento da Linguagem,EAD,pos,https://mg.sumare.edu.br/cursos/pos-graduacao/ead/ead-educacao-infantil-desenvolvimento-da-linguagem,html,1,3,3,Desenvolvimento da Criança - 60hs,
ead-educacao-infantil-desenvolvimento-da-linguagem,Educação Infantil e Desenvolvimento da Linguagem,EAD,pos,https://mg.sumare.edu.br/cursos/pos-graduacao/ead/ead-educacao-infantil-desenvolvimento-da-linguagem,html,1,4,4,Metodologia do Ensino da Linguagem - 60hs,
ead-educacao-infantil-desenvolvimento-da-linguagem,Educação Infantil e Desenvolvimento da Linguagem,EAD,pos,https://mg.sumare.edu.br/cursos/pos-graduacao/ead/ead-educacao-infantil-desenvolvimento-da-linguagem,html,1,5,5,Educação na Primeira Infância - 60hs,
ead-educacao-infantil-desenvolvimento-da-linguagem,Educação Infantil e Desenvolvimento da Linguagem,EAD,pos,https://mg.sumare.edu.br/cursos/pos-graduacao/ead/ead-educacao-infantil-desenvolvimento-da-linguagem,html,1,6,6,Metodologias para Educação Infantil - 60hs,
ead-ensino-ludico,Ensino Lúdico,EAD,pos,https://mg.sumare.edu.br/cursos/pos-graduacao/ead/ead-ensino-ludico,html,1,1,1,Processos de Aprendizagem - 60hs,"As disciplinas de cada curso da Sumaré são concebidas pelo NDE (Núcleo Docente Estruturante), que é composto por professores com notório saber, que além da DCN (Diretrizes Curriculares Nacionais) de cada curso, levam em consideração as pautas mais importantes do mercado de trabalho, ou seja, o que você aprende na Sumaré você usa na prática!"
ead-ensino-ludico,Ensino Lúdico,EAD,pos,https://mg.sumare.edu.br/cursos/pos-graduacao/ead/ead-ensino-ludico,html,1,2,2,Criatividade e Competências Socioemocionais na Educação - 60hs,
ead-ensino-ludico,Ensino Lúdico,EAD,pos,https://mg.sumare.edu.br/cursos/pos-graduacao/ead/ead-ensino-ludico,html,1,3,3,Desenvolvimento da Criança - 60hs,
ead-ensino-ludico,Ensino Lúdico,EAD,pos,https://mg.sumare.edu.br/cursos/pos-graduacao/ead/ead-ensino-ludico,html,1,4,4,Ludicidade e Práticas Pedagógicas - 60hs,
ead-ensino-ludico,Ensino Lúdico,EAD,pos,https://mg.sumare.edu.br/cursos/pos-graduacao/ead/ead-ensino-ludico,html,1,5,5,Aprendizagem Lúdica - 60hs,
ead-ensino-ludico,Ensino Lúdico,EAD,pos,https://mg.sumare.edu.br/cursos/pos-graduacao/ead/ead-ensino-ludico,html,1,6,6,Ludopedagogia: Brincar e aprender - 60hs,
ead-gestao-escolar-foco-recursos-humanos,Gestão Escolar com foco em Recursos Humanos,EAD,pos,https://mg.sumare.edu.br/cursos/pos-graduacao/ead/ead-gestao-escolar-foco-recursos-humanos,html,1,1,1,Estratégia Empresarial - 60hs,"As disciplinas de cada curso da Sumaré são concebidas pelo NDE (Núcleo Docente Estruturante), que é composto por professores com notório saber, que além da DCN (Diretrizes Curriculares Nacionais) de cada curso, levam em consideração as pautas mais importantes do mercado de trabalho, ou seja, o que você aprende na Sumaré você usa na prática!"
ead-gestao-escolar-foco-recursos-humanos,Gestão Escolar com foco em Recursos Humanos,EAD,pos,https://mg.sumare.edu.br/cursos/pos-graduacao/ead/ead-gestao-escolar-foco-recursos-humanos,html,1,2,2,Gestão Estratégica de Pessoas e Habilidade Gerenciais - 60hs,
ead-gestao-escolar-foco-recursos-humanos,Gestão Escolar com foco em Recursos Humanos,EAD,pos,https://mg.sumare.edu.br/cursos/pos-graduacao/ead/ead-gestao-escolar-foco-recursos-humanos,html,1,3,3,Treinamento e Desenvolvimento no Ambiente de Trabalho - 60hs,
ead-gestao-escolar-foco-recursos-humanos,Gestão Escolar com foco em Recursos Humanos,EAD,pos,https://mg.sumare.edu.br/cursos/pos-graduacao/ead/ead-gestao-escolar-foco-recursos-humanos,html,1,4,4,Gestão de Sistemas Educacionais - 60hs,
ead-gestao-escolar-foco-recursos-humanos,Gestão Escolar com foco em Recursos Humanos,EAD,pos,https://mg.sumare.edu.br/cursos/pos-graduacao/ead/ead-gestao-escolar-foco-recursos-humanos,html,1,5,5,Gestão Estratégica Educacional - 60hs,
ead-gestao-escolar-foco-recursos-humanos,Gestão Escolar com foco em Recursos Humanos,EAD,pos,https://mg.sumare.edu.br/cursos/pos-graduacao/ead/ead-gestao-escolar-foco-recursos-humanos,html,1,6,6,Paradigmas Educacionais e Tendências Contemporâneas no Ensino - 60hs,
ead-libras-deficiencia-auditiva,Deficiência Auditiva (LIBRAS),EAD,pos,https://mg.sumare.edu.br/cursos/pos-graduacao/ead/ead-libras-deficiencia-auditiva,html,1,1,1,Criatividade e Competências Socioemocionais na Educação - 60hs,"As disciplinas de cada curso da Sumaré são concebidas pelo NDE (Núcleo Docente Estruturante), que é composto por professores com notório saber, que além da DCN (Diretrizes Curriculares Nacionais) de cada curso, levam em consideração as pautas mais importantes do mercado de trabalho, ou seja, o que você aprende na Sumaré você usa na prática!"
ead-libras-deficiencia-auditiva,Deficiência Auditiva (LIBRAS),EAD,pos,https://mg.sumare.edu.br/cursos/pos-graduacao/ead/ead-libras-deficiencia-auditiva,html,1,2,2,Desenvolvimento da Criança e do Adolescente - 60hs,
ead-libras-deficiencia-auditiva,Deficiência Auditiva (LIBRAS),EAD,pos,https://mg.sumare.edu.br/cursos/pos-graduacao/ead/ead-libras-deficiencia-auditiva,html,1,3,3,Educação Inclusiva: Fundamentos e Adequações Metodológicas e Curriculares - 60hs,
ead-libras-deficiencia-auditiva,Deficiência Auditiva (LIBRAS),EAD,pos,https://mg.sumare.edu.br/cursos/pos-graduacao/ead/ead-libras-deficiencia-auditiva,html,1,4,4,Alfabetização e Letramento de Surdos - 60hs,
ead-libras-deficiencia-auditiva,Deficiência Auditiva (LIBRAS),EAD,pos,https://mg.sumare.edu.br/cursos/pos-graduacao/ead/ead-libras-deficiencia-auditiva,html,1,5,5,Lingua Brasileira de Sinais (LIBRAS) - 60hs,
ead-libras-deficiencia-auditiva,Deficiência Auditiva (LIBRAS),EAD,pos,https://mg.sumare.edu.br/cursos/pos-graduacao/ead/ead-libras-deficiencia-auditiva,html,1,6,6,"Diversidade na Educação, Culturas e Comportamentos - 60hs",
ead-mba-em-financas-corporativas,MBA em Finanças Corporativas,EAD,pos,https://mg.sumare.edu.br/cursos/pos-graduacao/ead/ead-mba-em-financas-corporativas,html,1,1,1,Estratégia Empresarial - 60hs,"As disciplinas de cada curso da Sumaré são concebidas pelo NDE (Núcleo Docente Estruturante), que é composto por professores com notório saber, que além da DCN (Diretrizes Curriculares Nacionais) de cada curso, levam em consideração as pautas mais importantes do mercado de trabalho, ou seja, o que você aprende na Sumaré você usa na prática!"
ead-mba-em-financas-corporativas,MBA em Finanças Corporativas,EAD,pos,https://mg.sumare.edu.br/cursos/pos-graduacao/ead/ead-mba-em-financas-corporativas,html,1,2,2,Empreendedorismo e Plano de Negócios - 60hs,
ead-mba-em-financas-corporativas,MBA em Finanças Corporativas,EAD,pos,https://mg.sumare.edu.br/cursos/pos-graduacao/ead/ead-mba-em-financas-corporativas,html,1,3,3,Gestão do Capital de Giro - 60hs,
ead-mba-em-financas-corporativas,MBA em Finanças Corporativas,EAD,pos,https://mg.sumare.edu.br/cursos/pos-graduacao/ead/ead-mba-em-financas-corporativas,html,1,4,4,Planejamento e Contabilidade Tributária - 60hs,
ead-mba-em-financas-corporativas,MBA em Finanças Corporativas,EAD,pos,https://mg.sumare.edu.br/cursos/pos-graduacao/ead/ead-mba-em-financas-corporativas,html,1,5,5,Avaliação de Empresas - 60hs,
ead-mba-em-financas-corporativas,MBA em Finanças Corporativas,EAD,pos,https://mg.sumare.edu.br/cursos/pos-graduacao/ead/ead-mba-em-financas-corporativas,html,1,6,6,Controladoria Estratégica - 60hs,
ead-mba-em-gestao-da-qualidade,MBA em Gestão da Qualidade,EAD,pos,https://mg.sumare.edu.br/cursos/pos-graduacao/ead/ead-mba-em-gestao-da-qualidade,html,1,1,1,Estratégia Empresarial - 60hs,"As disciplinas de cada curso da Sumaré são concebidas pelo NDE (Núcleo Docente Estruturante), que é composto por professores com notório saber, que além da DCN (Diretrizes Curriculares Nacionais) de cada curso, levam em consideração as pautas mais importantes do mercado de trabalho, ou seja, o que você aprende na Sumaré você usa na prática!"
ead-mba-em-gestao-da-qualidade,MBA em Gestão da Qualidade,EAD,pos,https://mg.sumare.edu.br/cursos/pos-graduacao/ead/ead-mba-em-gestao-da-qualidade,html,1,2,2,Empreendedorismo e Plano de Negócios - 60hs,
ead-mba-em-gestao-da-qualidade,MBA em Gestão da Qualidade,EAD,pos,https://mg.sumare.edu.br/cursos/pos-graduacao/ead/ead-mba-em-gestao-da-qualidade,html,1,3,3,Gestão Corporativa: Business Administration - 60hs,
ead-mba-em-gestao-da-qualidade,MBA em Gestão da Qualidade,EAD,pos,https://mg.sumare.edu.br/cursos/pos-graduacao/ead/ead-mba-em-gestao-da-qualidade,html,1,4,4,Gestão da Qualidade - 60hs,
ead-mba-em-gestao-da-qualidade,MBA em Gestão da Qualidade,EAD,pos,https://mg.sumare.edu.br/cursos/pos-graduacao/ead/ead-mba-em-gestao-da-qualidade,html,1,5,5,Sistemas de Controle da Qualidade - 60hs,
ead-mba-em-gestao-da-qualidade,MBA em Gestão da Qualidade,EAD,pos,https://mg.sumare.edu.br/cursos/pos-graduacao/ead/ead-mba-em-gestao-da-qualidade,html,1,6,6,Ferramentas da Qualidade - 60hs,
ead-mba-em-gestao-de-projetos,MBA em Gestão de Projeto,EAD,pos,https://mg.sumare.edu.br/cursos/pos-graduacao/ead/ead-mba-em-gestao-de-projetos,html,1,1,1,Estratégia Empresarial - 60hs,"As disciplinas de cada curso da Sumaré são concebidas pelo NDE (Núcleo Docente Estruturante), que é composto por professores com notório saber, que além da DCN (Diretrizes Curriculares Nacionais) de cada curso, levam em consideração as pautas mais importantes do mercado de trabalho, ou seja, o que você aprende na Sumaré você usa na prática!"
ead-mba-em-gestao-de-projetos,MBA em Gestão de Projeto,EAD,pos,https://mg.sumare.edu.br/cursos/pos-graduacao/ead/ead-mba-em-gestao-de-projetos,html,1,2,2,Empreendedorismo e Plano de Negócios - 60hs,
ead-mba-em-gestao-de-projetos,MBA em Gestão de Projeto,EAD,pos,https://mg.sumare.edu.br/cursos/pos-graduacao/ead/ead-mba-em-gestao-de-projetos,html,1,3,3,Práticas Avançadas em Gestão - 60hs,
ead-mba-em-gestao-de-projetos,MBA em Gestão de Projeto,EAD,pos,https://mg.sumare.edu.br/cursos/pos-graduacao/ead/ead-mba-em-gestao-de-projetos,html,1,4,4,"Gerenciamento da Integração, Escopo e Cronograma - 60hs",
ead-mba-em-gestao-de-projetos,MBA em Gestão de Projeto,EAD,pos,https://mg.sumare.edu.br/cursos/pos-graduacao/ead/ead-mba-em-gestao-de-projetos,html,1,5,5,"Gerenciamento dos Recursos, Custos, Comunicações e Partes Interessadas - 60hs",
ead-mba-em-gestao-de-projetos,MBA em Gestão de Projeto,EAD,pos,https://mg.sumare.edu.br/cursos/pos-graduacao/ead/ead-mba-em-gestao-de-projetos,html,1,6,6,Gerenciamento da Qualidade e Riscos - 60hs,
ead-mba-em-gestao-empresarial,MBA em Gestão Empresarial,EAD,pos,https://mg.sumare.edu.br/cursos/pos-graduacao/ead/ead-mba-em-gestao-empresarial,html,1,1,1,Estratégia Empresarial - 60hs,"As disciplinas de cada curso da Sumaré são concebidas pelo NDE (Núcleo Docente Estruturante), que é composto por professores com notório saber, que além da DCN (Diretrizes Curriculares Nacionais) de cada curso, levam em consideração as pautas mais importantes do mercado de trabalho, ou seja, o que você aprende na Sumaré você usa na prática!"
ead-mba-em-gestao-empresarial,MBA em Gestão Empresarial,EAD,pos,https://mg.sumare.edu.br/cursos/pos-graduacao/ead/ead-mba-em-gestao-empresarial,html,1,2,2,Empreendedorismo e Plano de Negócios - 60hs,
ead-mba-em-gestao-empresarial,MBA em Gestão Empresarial,EAD,pos,https://mg.sumare.edu.br/cursos/pos-graduacao/ead/ead-mba-em-gestao-empresarial,html,1,3,3,Gestão Corporativa: Business Administration - 60hs,
ead-mba-em-gestao-empresarial,MBA em Gestão Empresarial,EAD,pos,https://mg.sumare.edu.br/cursos/pos-graduacao/ead/ead-mba-em-gestao-empresarial,html,1,4,4,Desenvolvimento de Organizações Inteligentes - 60hs,
ead-mba-em-gestao-empresarial,MBA em Gestão Empresarial,EAD,pos,https://mg.sumare.edu.br/cursos/pos-graduacao/ead/ead-mba-em-gestao-empresarial,html,1,5,5,Gestão por Processos (Business Process Management) - 60hs,
ead-mba-em-gestao-empresarial,MBA em Gestão Empresarial,EAD,pos,https://mg.sumare.edu.br/cursos/pos-graduacao/ead/ead-mba-em-gestao-empresarial,html,1,6,6,Práticas Avançadas em Gestão - 60hs,
ead-mba-em-lideranca-e-gestao-de-pessoas,MBA em Liderança e Gestão de Pessoas,EAD,pos,https://mg.sumare.edu.br/cursos/pos-graduacao/ead/ead-mba-em-lideranca-e-gestao-de-pessoas,html,1,1,1,Estratégia Empresarial - 60hs,"As disciplinas de cada curso da Sumaré são concebidas pelo NDE (Núcleo Docente Estruturante), que é composto por professores com notório saber, que além da DCN (Diretrizes Curriculares Nacionais) de cada curso, levam em consideração as pautas mais importantes do mercado de trabalho, ou seja, o que você aprende na Sumaré você usa na prática!"
ead-mba-em-lideranca-e-gestao-de-pessoas,MBA em Liderança e Gestão de Pessoas,EAD,pos,https://mg.sumare.edu.br/cursos/pos-graduacao/ead/ead-mba-em-lideranca-e-gestao-de-pessoas,html,1,2,2,Empreendedorismo e Plano de Negócios - 60hs,
ead-mba-em-lideranca-e-gestao-de-pessoas,MBA em Liderança e Gestão de Pessoas,EAD,pos,https://mg.sumare.edu.br/cursos/pos-graduacao/ead/ead-mba-em-lideranca-e-gestao-de-pessoas,html,1,3,3,Gestão Estratégica de Pessoas e Habilidade Gerenciais - 60hs,
ead-mba-em-lideranca-e-gestao-de-pessoas,MBA em Liderança e Gestão de Pessoas,EAD,pos,https://mg.sumare.edu.br/cursos/pos-graduacao/ead/ead-mba-em-lideranca-e-gestao-de-pessoas,html,1,4,4,Desenvolvimento de Equipes - 60hs,
ead-mba-em-lideranca-e-gestao-de-pessoas,MBA em Liderança e Gestão de Pessoas,EAD,pos,https://mg.sumare.edu.br/cursos/pos-graduacao/ead/ead-mba-em-lideranca-e-gestao-de-pessoas,html,1,5,5,Liderança e Coaching - 60hs,
ead-mba-em-lideranca-e-gestao-de-pessoas,MBA em Liderança e Gestão de Pessoas,EAD,pos,https://mg.sumare.edu.br/cursos/pos-graduacao/ead/ead-mba-em-lideranca-e-gestao-de-pessoas,html,1,6,6,Treinamento e Desenvolvimento no Ambiente de Trabalho - 60hs,
ead-mba-em-negocios-e-vendas,MBA em Negócios e Vendas,EAD,pos,https://mg.sumare.edu.br/cursos/pos-graduacao/ead/ead-mba-em-negocios-e-vendas,html,1,1,1,Estratégia Empresarial - 60hs,"As disciplinas de cada curso da Sumaré são concebidas pelo NDE (Núcleo Docente Estruturante), que é composto por professores com notório saber, que além da DCN (Diretrizes Curriculares Nacionais) de cada curso, levam em consideração as pautas mais importantes do mercado de trabalho, ou seja, o que você aprende na Sumaré você usa na prática!"
ead-mba-em-negocios-e-vendas,MBA em Negócios e Vendas,EAD,pos,https://mg.sumare.edu.br/cursos/pos-graduacao/ead/ead-mba-em-negocios-e-vendas,html,1,2,2,Empreendedorismo e Plano de Negócios - 60hs,
ead-mba-em-negocios-e-vendas,MBA em Negócios e Vendas,EAD,pos,https://mg.sumare.edu.br/cursos/pos-graduacao/ead/ead-mba-em-negocios-e-vendas,html,1,3,3,Gerencia e Estratégias de Negócios em Vendas - 60hs,
ead-mba-em-negocios-e-vendas,MBA em Negócios e Vendas,EAD,pos,https://mg.sumare.edu.br/cursos/pos-graduacao/ead/ead-mba-em-negocios-e-vendas,html,1,4,4,Comportamento do Consumidor - 60hs,
ead-mba-em-negocios-e-vendas,MBA em Negócios e Vendas,EAD,pos,https://mg.sumare.edu.br/cursos/pos-graduacao/ead/ead-mba-em-negocios-e-vendas,html,1,5,5,Promoção e Técnicas em Vendas - 60hs,
ead-mba-em-negocios-e-vendas,MBA em Negócios e Vendas,EAD,pos,https://mg.sumare.edu.br/cursos/pos-graduacao/ead/ead-mba-em-negocios-e-vendas,html,1,6,6,Negociações e Comunicações - 60hs,
ead-mba-em-operacoes-e-logistica,MBA em Operações e Logística,EAD,pos,https://mg.sumare.edu.br/cursos/pos-graduacao/ead/ead-mba-em-operacoes-e-logistica,html,1,1,1,Estratégia Empresarial - 60hs,"As disciplinas de cada curso da Sumaré são concebidas pelo NDE (Núcleo Docente Estruturante), que é composto por professores com notório saber, que além da DCN (Diretrizes Curriculares Nacionais) de cada curso, levam em consideração as pautas mais importantes do mercado de trabalho, ou seja, o que você aprende na Sumaré você usa na prática!"
ead-mba-em-operacoes-e-logistica,MBA em Operações e Logística,EAD,pos,https://mg.sumare.edu.br/cursos/pos-graduacao/ead/ead-mba-em-operacoes-e-logistica,html,1,2,2,Empreendedorismo e Plano de Negócios - 60hs,
ead-mba-em-operacoes-e-logistica,MBA em Operações e Logística,EAD,pos,https://mg.sumare.edu.br/cursos/pos-graduacao/ead/ead-mba-em-operacoes-e-logistica,html,1,3,3,Gestão Corporativa: Business Administration - 60hs,
ead-mba-em-operacoes-e-logistica,MBA em Operações e Logística,EAD,pos,https://mg.sumare.edu.br/cursos/pos-graduacao/ead/ead-mba-em-operacoes-e-logistica,html,1,4,4,Operações Logísticas Integradas - 60hs,
ead-mba-em-operacoes-e-logistica,MBA em Operações e Logística,EAD,pos,https://mg.sumare.edu.br/cursos/pos-graduacao/ead/ead-mba-em-operacoes-e-logistica,html,1,5,5,Cadeia de Valor e Custos Logísticos - 60hs,
ead-mba-em-operacoes-e-logistica,MBA em Operações e Logística,EAD,pos,https://mg.sumare.edu.br/cursos/pos-graduacao/ead/ead-mba-em-operacoes-e-logistica,html,1,6,6,Logistica Reversa - 60hs,
ead-projeto-desenvolvimento-de-sistema,Análise e Projeto de Sistemas,EAD,pos,https://mg.sumare.edu.br/cursos/pos-graduacao/ead/ead-projeto-desenvolvimento-de-sistema,html,1,1,1,Práticas Avançadas em Gestão - 60hs,"As disciplinas de cada curso da Sumaré são concebidas pelo NDE (Núcleo Docente Estruturante), que é composto por professores com notório saber, que além da DCN (Diretrizes Curriculares Nacionais) de cada curso, levam em consideração as pautas mais importantes do mercado de trabalho, ou seja, o que você aprende na Sumaré você usa na prática!"
ead-projeto-desenvolvimento-de-sistema,Análise e Projeto de Sistemas,EAD,pos,https://mg.sumare.edu.br/cursos/pos-graduacao/ead/ead-projeto-desenvolvimento-de-sistema,html,1,2,2,Gestão de Projetos - 60hs,
ead-projeto-desenvolvimento-de-sistema,Análise e Projeto de Sistemas,EAD,pos,https://mg.sumare.edu.br/cursos/pos-graduacao/ead/ead-projeto-desenvolvimento-de-sistema,html,1,3,3,Sistemas e Tecnologia da Informação - 60hs,
ead-projeto-desenvolvimento-de-sistema,Análise e Projeto de Sistemas,EAD,pos,https://mg.sumare.edu.br/cursos/pos-graduacao/ead/ead-projeto-desenvolvimento-de-sistema,html,1,4,4,Engenharia de Software - 60hs,
ead-projeto-desenvolvimento-de-sistema,Análise e Projeto de Sistemas,EAD,pos,https://mg.sumare.edu.br/cursos/pos-graduacao/ead/ead-projeto-desenvolvimento-de-sistema,html,1,5,5,Qualidade de Software - 60hs,
ead-projeto-desenvolvimento-de-sistema,Análise e Projeto de Sistemas,EAD,pos,https://mg.sumare.edu.br/cursos/pos-graduacao/ead/ead-projeto-desenvolvimento-de-sistema,html,1,6,6,Modelagem e Desenvolvimento de Banco de Dados - 60hs,
ead-psicologia-do-trabalho,Psicologia Organizacional e do Trabalho,EAD,pos,https://mg.sumare.edu.br/cursos/pos-graduacao/ead/ead-psicologia-do-trabalho,html,1,1,1,Treinamento e Desenvolvimento no Ambiente de Trabalho - 60hs,"As disciplinas de cada curso da Sumaré são concebidas pelo NDE (Núcleo Docente Estruturante), que é composto por professores com notório saber, que além da DCN (Diretrizes Curriculares Nacionais) de cada curso, levam em consideração as pautas mais importantes do mercado de trabalho, ou seja, o que você aprende na Sumaré você usa na prática!"
ead-psicologia-do-trabalho,Psicologia Organizacional e do Trabalho,EAD,pos,https://mg.sumare.edu.br/cursos/pos-graduacao/ead/ead-psicologia-do-trabalho,html,1,2,2,Diversidade Teórica em Psicologia - 60hs,
ead-psicologia-do-trabalho,Psicologia Organizacional e do Trabalho,EAD,pos,https://mg.sumare.edu.br/cursos/pos-graduacao/ead/ead-psicologia-do-trabalho,html,1,3,3,Contexto do Trabalho e Psicologia Social aplicada as Organizações - 60hs,
ead-psicologia-do-trabalho,Psicologia Organizacional e do Trabalho,EAD,pos,https://mg.sumare.edu.br/cursos/pos-graduacao/ead/ead-psicologia-do-trabalho,html,1,4,4,Saúde e Trabalho - 60hs,
ead-psicologia-do-trabalho,Psicologia Organizacional e do Trabalho,EAD,pos,https://mg.sumare.edu.br/cursos/pos-graduacao/ead/ead-psicologia-do-trabalho,html,1,5,5,"Conflito, Cooperação e Comprometimento no Trabalho - 60hs",
ead-psicologia-do-trabalho,Psicologia Organizacional e do Trabalho,EAD,pos,https://mg.sumare.edu.br/cursos/pos-graduacao/ead/ead-psicologia-do-trabalho,html,1,6,6,Comportamento Humano e Organizacional - 60hs,
ead-psicopedagogia-e-psicomotricidade,Psicopedagogia com Ênfase em Psicomotricidade,EAD,pos,https://mg.sumare.edu.br/cursos/pos-graduacao/ead/ead-psicopedagogia-e-psicomotricidade,html,1,1,1,Processos de Aprendizagem - 60hs,"As disciplinas de cada curso da Sumaré são concebidas pelo NDE (Núcleo Docente Estruturante), que é composto por professores com notório saber, que além da DCN (Diretrizes Curriculares Nacionais) de cada curso, levam em consideração as pautas mais importantes do mercado de trabalho, ou seja, o que você aprende na Sumaré você usa na prática!"
ead-psicopedagogia-e-psicomotricidade,Psicopedagogia com Ênfase em Psicomotricidade,EAD,pos,https://mg.sumare.edu.br/cursos/pos-graduacao/ead/ead-psicopedagogia-e-psicomotricidade,html,1,2,2,Criatividade e Competências Socioemocionais na Educação - 60hs,
ead-psicopedagogia-e-psicomotricidade,Psicopedagogia com Ênfase em Psicomotricidade,EAD,pos,https://mg.sumare.edu.br/cursos/pos-graduacao/ead/ead-psicopedagogia-e-psicomotricidade,html,1,3,3,Desenvolvimento da Criança e do Adolescente - 60hs,
ead-psicopedagogia-e-psicomotricidade,Psicopedagogia com Ênfase em Psicomotricidade,EAD,pos,https://mg.sumare.edu.br/cursos/pos-graduacao/ead/ead-psicopedagogia-e-psicomotricidade,html,1,4,4,Dificuldades de Aprendizagem - 60hs,
ead-psicopedagogia-e-psicomotricidade,Psicopedagogia com Ênfase em Psicomotricidade,EAD,pos,https://mg.sumare.edu.br/cursos/pos-graduacao/ead/ead-psicopedagogia-e-psicomotricidade,html,1,5,5,Intervenções Psicopedagógicas e Psicomotricidade - 60hs,
ead-psicopedagogia-e-psicomotricidade,Psicopedagogia com Ênfase em Psicomotricidade,EAD,pos,https://mg.sumare.edu.br/cursos/pos-graduacao/ead/ead-psicopedagogia-e-psicomotricidade,html,1,6,6,Desenvolvimento Psicomotor e Movimento - 60hs,
ead-seguranca-da-informacao,Segurança da Informação,EAD,pos,https://mg.sumare.edu.br/cursos/pos-graduacao/ead/ead-seguranca-da-informacao,html,1,1,1,Gestão de Projetos - 60hs,"As disciplinas de cada curso da Sumaré são concebidas pelo NDE (Núcleo Docente Estruturante), que é composto por professores com notório saber, que além da DCN (Diretrizes Curriculares Nacionais) de cada curso, levam em consideração as pautas mais importantes do mercado de trabalho, ou seja, o que você aprende na Sumaré você usa na prática!"
ead-seguranca-da-informacao,Segurança da Informação,EAD,pos,https://mg.sumare.edu.br/cursos/pos-graduacao/ead/ead-seguranca-da-informacao,html,1,2,2,Sistemas e Tecnologia da Informação - 60hs,
ead-seguranca-da-informacao,Segurança da Informação,EAD,pos,https://mg.sumare.edu.br/cursos/pos-graduacao/ead/ead-seguranca-da-informacao,html,1,3,3,Segurança de Sistemas - 60hs,
ead-seguranca-da-informacao,Segurança da Informação,EAD,pos,https://mg.sumare.edu.br/cursos/pos-graduacao/ead/ead-seguranca-da-informacao,html,1,4,4,Infraestrutura de Redes - 60hs,
ead-seguranca-da-informacao,Segurança da Informação,EAD,pos,https://mg.sumare.edu.br/cursos/pos-graduacao/ead/ead-seguranca-da-informacao,html,1,5,5,Segurança de Redes sem Fio - 60hs,
ead-seguranca-da-informacao,Segurança da Informação,EAD,pos,https://mg.sumare.edu.br/cursos/pos-graduacao/ead/ead-seguranca-da-informacao,html,1,6,6,Segurança de Aplicativos Móveis - 60hs,
ead-servicos-sistema-de-saude,Serviços e Sistemas de Saúde,EAD,pos,https://mg.sumare.edu.br/cursos/pos-graduacao/ead/ead-servicos-sistema-de-saude,html,1,1,1,Ética e Legislação na Saúde - 60hs,"As disciplinas de cada curso da Sumaré são concebidas pelo NDE (Núcleo Docente Estruturante), que é composto por professores com notório saber, que além da DCN (Diretrizes Curriculares Nacionais) de cada curso, levam em consideração as pautas mais importantes do mercado de trabalho, ou seja, o que você aprende na Sumaré você usa na prática!"
ead-servicos-sistema-de-saude,Serviços e Sistemas de Saúde,EAD,pos,https://mg.sumare.edu.br/cursos/pos-graduacao/ead/ead-servicos-sistema-de-saude,html,1,2,2,Administração Geral x Hospitalar - 60hs,
ead-servicos-sistema-de-saude,Serviços e Sistemas de Saúde,EAD,pos,https://mg.sumare.edu.br/cursos/pos-graduacao/ead/ead-servicos-sistema-de-saude,html,1,3,3,Serviços Hospitalares - 60hs,
ead-servicos-sistema-de-saude,Serviços e Sistemas de Saúde,EAD,pos,https://mg.sumare.edu.br/cursos/pos-graduacao/ead/ead-servicos-sistema-de-saude,html,1,4,4,Planejamento Estratégico e Empreendedorismo - 60hs,
ead-servicos-sistema-de-saude,Serviços e Sistemas de Saúde,EAD,pos,https://mg.sumare.edu.br/cursos/pos-graduacao/ead/ead-servicos-sistema-de-saude,html,1,5,5,Humanização Hospitalar - 60hs,
ead-servicos-sistema-de-saude,Serviços e Sistemas de Saúde,EAD,pos,https://mg.sumare.edu.br/cursos/pos-graduacao/ead/ead-servicos-sistema-de-saude,html,1,6,6,Auditoria e Qualidade Hospitalar - 60hs,
mba-em-controladoria-e-contabilidade-gerencial,MBA em Controladoria e Contabilidade Gerencial,Híbrido,pos,https://mg.sumare.edu.br/cursos/pos-graduacao/hibrido/mba-em-controladoria-e-contabilidade-gerencial,html,1,1,1,Desenvolvimento Profissional - 60hs,"As disciplinas de cada curso da Sumaré são concebidas pelo NDE (Núcleo Docente Estruturante), que é composto por professores com notório saber, que além da DCN (Diretrizes Curriculares Nacionais) de cada curso, levam em consideração as pautas mais importantes do mercado de trabalho, ou seja, o que você aprende na Sumaré você usa na prática!"
mba-em-controladoria-e-contabilidade-gerencial,MBA em Controladoria e Contabilidade Gerencial,Híbrido,pos,https://mg.sumare.edu.br/cursos/pos-graduacao/hibrido/mba-em-controladoria-e-contabilidade-gerencial,html,1,2,2,Orçamento Empresarial e Gestão de Finanças Corporativas - 60hs,
mba-em-controladoria-e-contabilidade-gerencial,MBA em Controladoria e Contabilidade Gerencial,Híbrido,pos,https://mg.sumare.edu.br/cursos/pos-graduacao/hibrido/mba-em-controladoria-e-contabilidade-gerencial,html,1,3,3,Planejamento Tributário e Gestão de Passivo Tributário - 60hs,
mba-em-controladoria-e-contabilidade-gerencial,MBA em Controladoria e Contabilidade Gerencial,Híbrido,pos,https://mg.sumare.edu.br/cursos/pos-graduacao/hibrido/mba-em-controladoria-e-contabilidade-gerencial,html,1,4,4,Contabilidade Gerencial e Sistemas de Controle - 60hs,
mba-em-controladoria-e-contabilidade-gerencial,MBA em Controladoria e Contabilidade Gerencial,Híbrido,pos,https://mg.sumare.edu.br/cursos/pos-graduacao/hibrido/mba-em-controladoria-e-contabilidade-gerencial,html,1,5,5,Direito Empresarial Brasileiro - 60hs,
mba-em-controladoria-e-contabilidade-gerencial,MBA em Controladoria e Contabilidade Gerencial,Híbrido,pos,https://mg.sumare.edu.br/cursos/pos-graduacao/hibrido/mba-em-controladoria-e-contabilidade-gerencial,html,1,6,6,Controladoria Estratégica - 60hs,
mba-em-gerencia-de-projetos-e-processos-organizacionais,MBA em Gerência de Projetos e Processos Organizacionais,Híbrido,pos,https://mg.sumare.edu.br/cursos/pos-graduacao/hibrido/mba-em-gerencia-de-projetos-e-processos-organizacionais,html,1,1,1,"Ambientes de Projeto Ágil, Interativo, Adaptativo e Híbrido - 60hs","As disciplinas de cada curso da Sumaré são concebidas pelo NDE (Núcleo Docente Estruturante), que é composto por professores com notório saber, que além da DCN (Diretrizes Curriculares Nacionais) de cada curso, levam em consideração as pautas mais importantes do mercado de trabalho, ou seja, o que você aprende na Sumaré você usa na prática!"
mba-em-gerencia-de-projetos-e-processos-organizacionais,MBA em Gerência de Projetos e Processos Organizacionais,Híbrido,pos,https://mg.sumare.edu.br/cursos/pos-graduacao/hibrido/mba-em-gerencia-de-projetos-e-processos-organizacionais,html,1,2,2,Desenvolvimento Profissional - 60hs,
mba-em-gerencia-de-projetos-e-processos-organizacionais,MBA em Gerência de Projetos e Processos Organizacionais,Híbrido,pos,https://mg.sumare.edu.br/cursos/pos-graduacao/hibrido/mba-em-gerencia-de-projetos-e-processos-organizacionais,html,1,3,3,Agile Mindset e Design Thinking - 60hs,
mba-em-gerencia-de-projetos-e-processos-organizacionais,MBA em Gerência de Projetos e Processos Organizacionais,Híbrido,pos,https://mg.sumare.edu.br/cursos/pos-graduacao/hibrido/mba-em-gerencia-de-projetos-e-processos-organizacionais,html,1,4,4,Inteligência Competitiva - 60hs,
mba-em-gerencia-de-projetos-e-processos-organizacionais,MBA em Gerência de Projetos e Processos Organizacionais,Híbrido,pos,https://mg.sumare.edu.br/cursos/pos-graduacao/hibrido/mba-em-gerencia-de-projetos-e-processos-organizacionais,html,1,5,5,Processos de Gerenciamento e Gerenciamento da Integração - 60hs,
mba-em-gerencia-de-projetos-e-processos-organizacionais,MBA em Gerência de Projetos e Processos Organizacionais,Híbrido,pos,https://mg.sumare.edu.br/cursos/pos-graduacao/hibrido/mba-em-gerencia-de-projetos-e-processos-organizacionais,html,1,6,6,"Gerenciamento dos Recursos, Custos, Qualidade e Riscos em Projetos - 60hs",
"mba-em-gestao-comercial,-negociacao-e-inteligencia-de-mercado","MBA Gestão Comercial, Negociação e Inteligência de Mercado",Híbrido,pos,"https://mg.sumare.edu.br/cursos/pos-graduacao/hibrido/mba-em-gestao-comercial,-negociacao-e-inteligencia-de-mercado",html,1,1,1,Desenvolvimento Profissional - 60hs,"As disciplinas de cada curso da Sumaré são concebidas pelo NDE (Núcleo Docente Estruturante), que é composto por professores com notório saber, que além da DCN (Diretrizes Curriculares Nacionais) de cada curso, levam em consideração as pautas mais importantes do mercado de trabalho, ou seja, o que você aprende na Sumaré você usa na prática!"
"mba-em-gestao-comercial,-negociacao-e-inteligencia-de-mercado","MBA Gestão Comercial, Negociação e Inteligência de Mercado",Híbrido,pos,"https://mg.sumare.edu.br/cursos/pos-graduacao/hibrido/mba-em-gestao-comercial,-negociacao-e-inteligencia-de-mercado",html,1,2,2,Agile Mindset e Design Thinking - 60hs,
"mba-em-gestao-comercial,-negociacao-e-inteligencia-de-mercado","MBA Gestão Comercial, Negociação e Inteligência de Mercado",Híbrido,pos,"https://mg.sumare.edu.br/cursos/pos-graduacao/hibrido/mba-em-gestao-comercial,-negociacao-e-inteligencia-de-mercado",html,1,3,3,Inteligência Competitiva - 60hs,
"mba-em-gestao-comercial,-negociacao-e-inteligencia-de-mercado","MBA Gestão Comercial, Negociação e Inteligência de Mercado",Híbrido,pos,"https://mg.sumare.edu.br/cursos/pos-graduacao/hibrido/mba-em-gestao-comercial,-negociacao-e-inteligencia-de-mercado",html,1,4,4,Desenho e Gestão dos Canais de Vendas - 60hs,
"mba-em-gestao-comercial,-negociacao-e-inteligencia-de-mercado","MBA Gestão Comercial, Negociação e Inteligência de Mercado",Híbrido,pos,"https://mg.sumare.edu.br/cursos/pos-graduacao/hibrido/mba-em-gestao-comercial,-negociacao-e-inteligencia-de-mercado",html,1,5,5,Estratégias e Táticas de Negociação - 60hs,
"mba-em-gestao-comercial,-negociacao-e-inteligencia-de-mercado","MBA Gestão Comercial, Negociação e Inteligência de Mercado",Híbrido,pos,"https://mg.sumare.edu.br/cursos/pos-graduacao/hibrido/mba-em-gestao-comercial,-negociacao-e-inteligencia-de-mercado",html,1,6,6,Relacionamento e Gestão da Lealdade dos Clientes - 60hs,
"mba-em-logistica-,-lean-supply-chai-e-gestao-estrategica","MBA em Logística, Lean Supply Chain e Gestão Estratégica de Compras",Híbrido,pos,"https://mg.sumare.edu.br/cursos/pos-graduacao/hibrido/mba-em-logistica-,-lean-supply-chai-e-gestao-estrategica",html,1,1,1,Lean Supply Chain - 60hs,"As disciplinas de cada curso da Sumaré são concebidas pelo NDE (Núcleo Docente Estruturante), que é composto por professores com notório saber, que além da DCN (Diretrizes Curriculares Nacionais) de cada curso, levam em consideração as pautas mais importantes do mercado de trabalho, ou seja, o que você aprende na Sumaré você usa na prática!"
"mba-em-logistica-,-lean-supply-chai-e-gestao-estrategica","MBA em Logística, Lean Supply Chain e Gestão Estratégica de Compras",Híbrido,pos,"https://mg.sumare.edu.br/cursos/pos-graduacao/hibrido/mba-em-logistica-,-lean-supply-chai-e-gestao-estrategica",html,1,2,2,Desenvolvimento Profissional - 60hs,
"mba-em-logistica-,-lean-supply-chai-e-gestao-estrategica","MBA em Logística, Lean Supply Chain e Gestão Estratégica de Compras",Híbrido,pos,"https://mg.sumare.edu.br/cursos/pos-graduacao/hibrido/mba-em-logistica-,-lean-supply-chai-e-gestao-estrategica",html,1,3,3,Agile Mindset e Design Thinking - 60hs,
"mba-em-logistica-,-lean-supply-chai-e-gestao-estrategica","MBA em Logística, Lean Supply Chain e Gestão Estratégica de Compras",Híbrido,pos,"https://mg.sumare.edu.br/cursos/pos-graduacao/hibrido/mba-em-logistica-,-lean-supply-chai-e-gestao-estrategica",html,1,4,4,Inteligência Competitiva - 60hs,
"mba-em-logistica-,-lean-supply-chai-e-gestao-estrategica","MBA em Logística, Lean Supply Chain e Gestão Estratégica de Compras",Híbrido,pos,"https://mg.sumare.edu.br/cursos/pos-graduacao/hibrido/mba-em-logistica-,-lean-supply-chai-e-gestao-estrategica",html,1,5,5,Ferramentas Logísticas e Cadeia de Valor - 60hs,
"mba-em-logistica-,-lean-supply-chai-e-gestao-estrategica","MBA em Logística, Lean Supply Chain e Gestão Estratégica de Compras",Híbrido,pos,"https://mg.sumare.edu.br/cursos/pos-graduacao/hibrido/mba-em-logistica-,-lean-supply-chai-e-gestao-estrategica",html,1,6,6,"Administração, Estratégias e Categorias de Compras: Strategic Sourcing - 60hs",
mba-em-marketing-e-negocios-em-midias-digitais,MBA em Marketing e Negócios em Mídias Digitais,Híbrido,pos,https://mg.sumare.edu.br/cursos/pos-graduacao/hibrido/mba-em-marketing-e-negocios-em-midias-digitais,html,1,1,1,Desenvolvimento Profissional - 60hs,"As disciplinas de cada curso da Sumaré são concebidas pelo NDE (Núcleo Docente Estruturante), que é composto por professores com notório saber, que além da DCN (Diretrizes Curriculares Nacionais) de cada curso, levam em consideração as pautas mais importantes do mercado de trabalho, ou seja, o que você aprende na Sumaré você usa na prática!"
mba-em-marketing-e-negocios-em-midias-digitais,MBA em Marketing e Negócios em Mídias Digitais,Híbrido,pos,https://mg.sumare.edu.br/cursos/pos-graduacao/hibrido/mba-em-marketing-e-negocios-em-midias-digitais,html,1,2,2,Agile Mindset e Design Thinking - 60hs,
mba-em-marketing-e-negocios-em-midias-digitais,MBA em Marketing e Negócios em Mídias Digitais,Híbrido,pos,https://mg.sumare.edu.br/cursos/pos-graduacao/hibrido/mba-em-marketing-e-negocios-em-midias-digitais,html,1,3,3,Estratégias e Planejamento de Campanhas em Mídias Digitais - 60hs,
mba-em-marketing-e-negocios-em-midias-digitais,MBA em Marketing e Negócios em Mídias Digitais,Híbrido,pos,https://mg.sumare.edu.br/cursos/pos-graduacao/hibrido/mba-em-marketing-e-negocios-em-midias-digitais,html,1,4,4,Monitoramento e Gestão de Redes Sociais - 60hs,
mba-em-marketing-e-negocios-em-midias-digitais,MBA em Marketing e Negócios em Mídias Digitais,Híbrido,pos,https://mg.sumare.edu.br/cursos/pos-graduacao/hibrido/mba-em-marketing-e-negocios-em-midias-digitais,html,1,5,5,Métricas de controle e avaliação de resultados em Marketing - 60hs,
mba-em-marketing-e-negocios-em-midias-digitais,MBA em Marketing e Negócios em Mídias Digitais,Híbrido,pos,https://mg.sumare.edu.br/cursos/pos-graduacao/hibrido/mba-em-marketing-e-negocios-em-midias-digitais,html,1,6,6,Inteligência Competitiva - 60hs,
"mba-executivo-em-corporate-finance-,-controller-e-auditoria","MBA Executivo em Corporate Finance, Controller e Auditoria Financeira",Híbrido,pos,"https://mg.sumare.edu.br/cursos/pos-graduacao/hibrido/mba-executivo-em-corporate-finance-,-controller-e-auditoria",html,1,1,1,Desenvolvimento Profissional - 60hs,"As disciplinas de cada curso da Sumaré são concebidas pelo NDE (Núcleo Docente Estruturante), que é composto por professores com notório saber, que além da DCN (Diretrizes Curriculares Nacionais) de cada curso, levam em consideração as pautas mais importantes do mercado de trabalho, ou seja, o que você aprende na Sumaré você usa na prática!"
"mba-executivo-em-corporate-finance-,-controller-e-auditoria","MBA Executivo em Corporate Finance, Controller e Auditoria Financeira",Híbrido,pos,"https://mg.sumare.edu.br/cursos/pos-graduacao/hibrido/mba-executivo-em-corporate-finance-,-controller-e-auditoria",html,1,2,2,Orçamento Empresarial e Gestão de Finanças Corporativas - 60hs,
"mba-executivo-em-corporate-finance-,-controller-e-auditoria","MBA Executivo em Corporate Finance, Controller e Auditoria Financeira",Híbrido,pos,"https://mg.sumare.edu.br/cursos/pos-graduacao/hibrido/mba-executivo-em-corporate-finance-,-controller-e-auditoria",html,1,3,3,Planejamento Tributário e Gestão de Passivo Tributário - 60hs,
"mba-executivo-em-corporate-finance-,-controller-e-auditoria","MBA Executivo em Corporate Finance, Controller e Auditoria Financeira",Híbrido,pos,"https://mg.sumare.edu.br/cursos/pos-graduacao/hibrido/mba-executivo-em-corporate-finance-,-controller-e-auditoria",html,1,4,4,"Controller, Controladoria e Business Partner Financeiro - 60hs",
"mba-executivo-em-corporate-finance-,-controller-e-auditoria","MBA Executivo em Corporate Finance, Controller e Auditoria Financeira",Híbrido,pos,"https://mg.sumare.edu.br/cursos/pos-graduacao/hibrido/mba-executivo-em-corporate-finance-,-controller-e-auditoria",html,1,5,5,Auditoria Contábil - Financeira - 60hs,
"mba-executivo-em-corporate-finance-,-controller-e-auditoria","MBA Executivo em Corporate Finance, Controller e Auditoria Financeira",Híbrido,pos,"https://mg.sumare.edu.br/cursos/pos-graduacao/hibrido/mba-executivo-em-corporate-finance-,-controller-e-auditoria",html,1,6,6,Direito Empresarial Brasileiro - 60hs,
mba-executivo-em-gestao-de-negocios-e-estrategia-corporativa,MBA Executivo em Gestão de Negócios e Estratégia Corporativa,Híbrido,pos,https://mg.sumare.edu.br/cursos/pos-graduacao/hibrido/mba-executivo-em-gestao-de-negocios-e-estrategia-corporativa,html,1,1,1,Desenvolvimento Profissional - 60hs,"As disciplinas de cada curso da Sumaré são concebidas pelo NDE (Núcleo Docente Estruturante), que é composto por professores com notório saber, que além da DCN (Diretrizes Curriculares Nacionais) de cada curso, levam em consideração as pautas mais importantes do mercado de trabalho, ou seja, o que você aprende na Sumaré você usa na prática!"
mba-executivo-em-gestao-de-negocios-e-estrategia-corporativa,MBA Executivo em Gestão de Negócios e Estratégia Corporativa,Híbrido,pos,https://mg.sumare.edu.br/cursos/pos-graduacao/hibrido/mba-executivo-em-gestao-de-negocios-e-estrategia-corporativa,html,1,2,2,Agile Mindset e Design Thinking - 60hs,
mba-executivo-em-gestao-de-negocios-e-estrategia-corporativa,MBA Executivo em Gestão de Negócios e Estratégia Corporativa,Híbrido,pos,https://mg.sumare.edu.br/cursos/pos-graduacao/hibrido/mba-executivo-em-gestao-de-negocios-e-estrategia-corporativa,html,1,3,3,Inteligência Competitiva - 60hs,
mba-executivo-em-gestao-de-negocios-e-estrategia-corporativa,MBA Executivo em Gestão de Negócios e Estratégia Corporativa,Híbrido,pos,https://mg.sumare.edu.br/cursos/pos-graduacao/hibrido/mba-executivo-em-gestao-de-negocios-e-estrategia-corporativa,html,1,4,4,Business Model Generation - 60hs,
mba-executivo-em-gestao-de-negocios-e-estrategia-corporativa,MBA Executivo em Gestão de Negócios e Estratégia Corporativa,Híbrido,pos,https://mg.sumare.edu.br/cursos/pos-graduacao/hibrido/mba-executivo-em-gestao-de-negocios-e-estrategia-corporativa,html,1,5,5,Integração de Negócios e Corporate Performance Management - 60hs,
mba-executivo-em-gestao-de-negocios-e-estrategia-corporativa,MBA Executivo em Gestão de Negócios e Estratégia Corporativa,Híbrido,pos,https://mg.sumare.edu.br/cursos/pos-graduacao/hibrido/mba-executivo-em-gestao-de-negocios-e-estrategia-corporativa,html,1,6,6,Business Plan - 60hs,
pos-graduacao-em-alfabetizacao-e-letramento,Alfabetização e Letramento,Híbrido,pos,https://mg.sumare.edu.br/cursos/pos-graduacao/hibrido/pos-graduacao-em-alfabetizacao-e-letramento,html,1,1,1,Desenvolvimento Profissional - 60hs,"As disciplinas de cada curso da Sumaré são concebidas pelo NDE (Núcleo Docente Estruturante), que é composto por professores com notório saber, que além da DCN (Diretrizes Curriculares Nacionais) de cada curso, levam em consideração as pautas mais importantes do mercado de trabalho, ou seja, o que você aprende na Sumaré você usa na prática!"
pos-graduacao-em-alfabetizacao-e-letramento,Alfabetização e Letramento,Híbrido,pos,https://mg.sumare.edu.br/cursos/pos-graduacao/hibrido/pos-graduacao-em-alfabetizacao-e-letramento,html,1,2,2,Teorias e Estudos dos Problemas de Aprendizagem - 60hs,
pos-graduacao-em-alfabetizacao-e-letramento,Alfabetização e Letramento,Híbrido,pos,https://mg.sumare.edu.br/cursos/pos-graduacao/hibrido/pos-graduacao-em-alfabetizacao-e-letramento,html,1,3,3,Fundamentos Teórico-Metodológicos de Alfabetização e Letramento - 60hs,
pos-graduacao-em-alfabetizacao-e-letramento,Alfabetização e Letramento,Híbrido,pos,https://mg.sumare.edu.br/cursos/pos-graduacao/hibrido/pos-graduacao-em-alfabetizacao-e-letramento,html,1,4,4,Teoria Crítica do Curriculo e Propostas no Ensino Formal - 60hs,
pos-graduacao-em-alfabetizacao-e-letramento,Alfabetização e Letramento,Híbrido,pos,https://mg.sumare.edu.br/cursos/pos-graduacao/hibrido/pos-graduacao-em-alfabetizacao-e-letramento,html,1,5,5,Didática e materiais didático-pedagógicos - 60hs,
pos-graduacao-em-alfabetizacao-e-letramento,Alfabetização e Letramento,Híbrido,pos,https://mg.sumare.edu.br/cursos/pos-graduacao/hibrido/pos-graduacao-em-alfabetizacao-e-letramento,html,1,6,6,Instrumentos para avaliação da aprendizagem - 60hs,
pos-graduacao-em-business-partner-para-a-gestao-estrategica,Business Partner para a Gestão Estratégica de RH,Híbrido,pos,https://mg.sumare.edu.br/cursos/pos-graduacao/hibrido/pos-graduacao-em-business-partner-para-a-gestao-estrategica,html,1,1,1,Desenvolvimento Profissional - 60hs,"As disciplinas de cada curso da Sumaré são concebidas pelo NDE (Núcleo Docente Estruturante), que é composto por professores com notório saber, que além da DCN (Diretrizes Curriculares Nacionais) de cada curso, levam em consideração as pautas mais importantes do mercado de trabalho, ou seja, o que você aprende na Sumaré você usa na prática!"
pos-graduacao-em-business-partner-para-a-gestao-estrategica,Business Partner para a Gestão Estratégica de RH,Híbrido,pos,https://mg.sumare.edu.br/cursos/pos-graduacao/hibrido/pos-graduacao-em-business-partner-para-a-gestao-estrategica,html,1,2,2,"Criatividade, Inovação e Desenvolvimento do Capital Humano nas Organizações - 60hs",
pos-graduacao-em-business-partner-para-a-gestao-estrategica,Business Partner para a Gestão Estratégica de RH,Híbrido,pos,https://mg.sumare.edu.br/cursos/pos-graduacao/hibrido/pos-graduacao-em-business-partner-para-a-gestao-estrategica,html,1,3,3,Gestão de Equipes de Alta Performance e Competências Interpessoais - 60hs,
pos-graduacao-em-business-partner-para-a-gestao-estrategica,Business Partner para a Gestão Estratégica de RH,Híbrido,pos,https://mg.sumare.edu.br/cursos/pos-graduacao/hibrido/pos-graduacao-em-business-partner-para-a-gestao-estrategica,html,1,4,4,"Business Partner: novas Competências, atuação e desafios - 60hs",
pos-graduacao-em-business-partner-para-a-gestao-estrategica,Business Partner para a Gestão Estratégica de RH,Híbrido,pos,https://mg.sumare.edu.br/cursos/pos-graduacao/hibrido/pos-graduacao-em-business-partner-para-a-gestao-estrategica,html,1,5,5,Agile Mindset e Design Thinking - 60hs,
pos-graduacao-em-business-partner-para-a-gestao-estrategica,Business Partner para a Gestão Estratégica de RH,Híbrido,pos,https://mg.sumare.edu.br/cursos/pos-graduacao/hibrido/pos-graduacao-em-business-partner-para-a-gestao-estrategica,html,1,6,6,"Conflito, Cooperação e Comprometimento no Trabalho - 60hs",
pos-graduacao-em-educacao-especial-e-inclusiva,Educação Especial e Inclusiva,Híbrido,pos,https://mg.sumare.edu.br/cursos/pos-graduacao/hibrido/pos-graduacao-em-educacao-especial-e-inclusiva,html,1,1,1,Desenvolvimento Profissional - 60hs,"As disciplinas de cada curso da Sumaré são concebidas pelo NDE (Núcleo Docente Estruturante), que é composto por professores com notório saber, que além da DCN (Diretrizes Curriculares Nacionais) de cada curso, levam em consideração as pautas mais importantes do mercado de trabalho, ou seja, o que você aprende na Sumaré você usa na prática!"
pos-graduacao-em-educacao-especial-e-inclusiva,Educação Especial e Inclusiva,Híbrido,pos,https://mg.sumare.edu.br/cursos/pos-graduacao/hibrido/pos-graduacao-em-educacao-especial-e-inclusiva,html,1,2,2,Transtornos Globais do Desenvolvimento - 60hs,
pos-graduacao-em-educacao-especial-e-inclusiva,Educação Especial e Inclusiva,Híbrido,pos,https://mg.sumare.edu.br/cursos/pos-graduacao/hibrido/pos-graduacao-em-educacao-especial-e-inclusiva,html,1,3,3,Diversidade e Inclusão - 60hs,
pos-graduacao-em-educacao-especial-e-inclusiva,Educação Especial e Inclusiva,Híbrido,pos,https://mg.sumare.edu.br/cursos/pos-graduacao/hibrido/pos-graduacao-em-educacao-especial-e-inclusiva,html,1,4,4,Educação Especial e Inclusiva: Teoria e Prática - 60hs,
pos-graduacao-em-educacao-especial-e-inclusiva,Educação Especial e Inclusiva,Híbrido,pos,https://mg.sumare.edu.br/cursos/pos-graduacao/hibrido/pos-graduacao-em-educacao-especial-e-inclusiva,html,1,5,5,Deficiência Auditiva e a Lingua Brasileira de Sinais (LIBRAS) - 60hs,
pos-graduacao-em-educacao-especial-e-inclusiva,Educação Especial e Inclusiva,Híbrido,pos,https://mg.sumare.edu.br/cursos/pos-graduacao/hibrido/pos-graduacao-em-educacao-especial-e-inclusiva,html,1,6,6,"Deficiências Intelectual, Visual e Motora - 60hs",
pos-graduacao-em-educacao-para-o-transtorno-do-espectro-autista-TEA,Educação para o Transtorno do Espectro Autista (TEA),Híbrido,pos,https://mg.sumare.edu.br/cursos/pos-graduacao/hibrido/pos-graduacao-em-educacao-para-o-transtorno-do-espectro-autista-TEA,html,1,1,1,Desenvolvimento Profissional - 60hs,"As disciplinas de cada curso da Sumaré são concebidas pelo NDE (Núcleo Docente Estruturante), que é composto por professores com notório saber, que além da DCN (Diretrizes Curriculares Nacionais) de cada curso, levam em consideração as pautas mais importantes do mercado de trabalho, ou seja, o que você aprende na Sumaré você usa na prática!"
pos-graduacao-em-educacao-para-o-transtorno-do-espectro-autista-TEA,Educação para o Transtorno do Espectro Autista (TEA),Híbrido,pos,https://mg.sumare.edu.br/cursos/pos-graduacao/hibrido/pos-graduacao-em-educacao-para-o-transtorno-do-espectro-autista-TEA,html,1,2,2,Transtornos Globais do Desenvolvimento - 60hs,
pos-graduacao-em-educacao-para-o-transtorno-do-espectro-autista-TEA,Educação para o Transtorno do Espectro Autista (TEA),Híbrido,pos,https://mg.sumare.edu.br/cursos/pos-graduacao/hibrido/pos-graduacao-em-educacao-para-o-transtorno-do-espectro-autista-TEA,html,1,3,3,Educação Especial e Inclusiva: Teoria e Prática - 60hs,
pos-graduacao-em-educacao-para-o-transtorno-do-espectro-autista-TEA,Educação para o Transtorno do Espectro Autista (TEA),Híbrido,pos,https://mg.sumare.edu.br/cursos/pos-graduacao/hibrido/pos-graduacao-em-educacao-para-o-transtorno-do-espectro-autista-TEA,html,1,4,4,Desafios do Autismo: Inclusão Social e Escolar - 60hs,
pos-graduacao-em-educacao-para-o-transtorno-do-espectro-autista-TEA,Educação para o Transtorno do Espectro Autista (TEA),Híbrido,pos,https://mg.sumare.edu.br/cursos/pos-graduacao/hibrido/pos-graduacao-em-educacao-para-o-transtorno-do-espectro-autista-TEA,html,1,5,5,Deficiência Intelectual x Transtorno do Espectro Autista (TEA) - 60hs,
pos-graduacao-em-educacao-para-o-transtorno-do-espectro-autista-TEA,Educação para o Transtorno do Espectro Autista (TEA),Híbrido,pos,https://mg.sumare.edu.br/cursos/pos-graduacao/hibrido/pos-graduacao-em-educacao-para-o-transtorno-do-espectro-autista-TEA,html,1,6,6,Diversidade e Inclusão - 60hs,
pos-graduacao-em-educacaodigital-tecnologias-e-metodologias-ativas-para-o-ensino-a-distancia,"Educação Digital, Tecnologias e Metodologias Ativas para o Ensino a Distância",Híbrido,pos,https://mg.sumare.edu.br/cursos/pos-graduacao/hibrido/pos-graduacao-em-educacaodigital-tecnologias-e-metodologias-ativas-para-o-ensino-a-distancia,html,1,1,1,Desenvolvimento Profissional - 60hs,"As disciplinas de cada curso da Sumaré são concebidas pelo NDE (Núcleo Docente Estruturante), que é composto por professores com notório saber, que além da DCN (Diretrizes Curriculares Nacionais) de cada curso, levam em consideração as pautas mais importantes do mercado de trabalho, ou seja, o que você aprende na Sumaré você usa na prática!"
pos-graduacao-em-educacaodigital-tecnologias-e-metodologias-ativas-para-o-ensino-a-distancia,"Educação Digital, Tecnologias e Metodologias Ativas para o Ensino a Distância",Híbrido,pos,https://mg.sumare.edu.br/cursos/pos-graduacao/hibrido/pos-graduacao-em-educacaodigital-tecnologias-e-metodologias-ativas-para-o-ensino-a-distancia,html,1,2,2,Didática e materiais didático-pedagógicos - 60hs,
pos-graduacao-em-educacaodigital-tecnologias-e-metodologias-ativas-para-o-ensino-a-distancia,"Educação Digital, Tecnologias e Metodologias Ativas para o Ensino a Distância",Híbrido,pos,https://mg.sumare.edu.br/cursos/pos-graduacao/hibrido/pos-graduacao-em-educacaodigital-tecnologias-e-metodologias-ativas-para-o-ensino-a-distancia,html,1,3,3,Instrumentos para avaliação da aprendizagem - 60hs,
pos-graduacao-em-educacaodigital-tecnologias-e-metodologias-ativas-para-o-ensino-a-distancia,"Educação Digital, Tecnologias e Metodologias Ativas para o Ensino a Distância",Híbrido,pos,https://mg.sumare.edu.br/cursos/pos-graduacao/hibrido/pos-graduacao-em-educacaodigital-tecnologias-e-metodologias-ativas-para-o-ensino-a-distancia,html,1,4,4,Metodologias para Aprendizagem Ativa - 60hs,
pos-graduacao-em-educacaodigital-tecnologias-e-metodologias-ativas-para-o-ensino-a-distancia,"Educação Digital, Tecnologias e Metodologias Ativas para o Ensino a Distância",Híbrido,pos,https://mg.sumare.edu.br/cursos/pos-graduacao/hibrido/pos-graduacao-em-educacaodigital-tecnologias-e-metodologias-ativas-para-o-ensino-a-distancia,html,1,5,5,Ensino Digital e Educação a Distância - 60hs,
pos-graduacao-em-educacaodigital-tecnologias-e-metodologias-ativas-para-o-ensino-a-distancia,"Educação Digital, Tecnologias e Metodologias Ativas para o Ensino a Distância",Híbrido,pos,https://mg.sumare.edu.br/cursos/pos-graduacao/hibrido/pos-graduacao-em-educacaodigital-tecnologias-e-metodologias-ativas-para-o-ensino-a-distancia,html,1,6,6,Tecnologias Digitais na Prática Pedagógica - 60hs,
pos-graduacao-em-engenharia-da-producao-e-manutencao,Engenharia da Produção e Manutenção,Híbrido,pos,https://mg.sumare.edu.br/cursos/pos-graduacao/hibrido/pos-graduacao-em-engenharia-da-producao-e-manutencao,html,1,1,1,"Manutenção, Segurança e Meio Ambiente - 60hs","As disciplinas de cada curso da Sumaré são concebidas pelo NDE (Núcleo Docente Estruturante), que é composto por professores com notório saber, que além da DCN (Diretrizes Curriculares Nacionais) de cada curso, levam em consideração as pautas mais importantes do mercado de trabalho, ou seja, o que você aprende na Sumaré você usa na prática!"
pos-graduacao-em-engenharia-da-producao-e-manutencao,Engenharia da Produção e Manutenção,Híbrido,pos,https://mg.sumare.edu.br/cursos/pos-graduacao/hibrido/pos-graduacao-em-engenharia-da-producao-e-manutencao,html,1,2,2,Sistemas de Produção - 60hs,
pos-graduacao-em-engenharia-da-producao-e-manutencao,Engenharia da Produção e Manutenção,Híbrido,pos,https://mg.sumare.edu.br/cursos/pos-graduacao/hibrido/pos-graduacao-em-engenharia-da-producao-e-manutencao,html,1,3,3,PCM - Planejamento e Controle da Manutenção - 60hs,
pos-graduacao-em-engenharia-da-producao-e-manutencao,Engenharia da Produção e Manutenção,Híbrido,pos,https://mg.sumare.edu.br/cursos/pos-graduacao/hibrido/pos-graduacao-em-engenharia-da-producao-e-manutencao,html,1,4,4,Lean Supply Chain - 60hs,
pos-graduacao-em-engenharia-da-producao-e-manutencao,Engenharia da Produção e Manutenção,Híbrido,pos,https://mg.sumare.edu.br/cursos/pos-graduacao/hibrido/pos-graduacao-em-engenharia-da-producao-e-manutencao,html,1,5,5,"Ambientes de Projeto Ágil, Interativo, Adaptativo e Híbrido - 60hs",
pos-graduacao-em-engenharia-da-producao-e-manutencao,Engenharia da Produção e Manutenção,Híbrido,pos,https://mg.sumare.edu.br/cursos/pos-graduacao/hibrido/pos-graduacao-em-engenharia-da-producao-e-manutencao,html,1,6,6,Desenvolvimento Profissional - 60hs,
pos-graduacao-em-engenharia-da-qualidade-lean-six-sigma,Engenharia da Qualidade Lean Six Sigma,Híbrido,pos,https://mg.sumare.edu.br/cursos/pos-graduacao/hibrido/pos-graduacao-em-engenharia-da-qualidade-lean-six-sigma,html,1,1,1,Lean Supply Chain - 60hs,"As disciplinas de cada curso da Sumaré são concebidas pelo NDE (Núcleo Docente Estruturante), que é composto por professores com notório saber, que além da DCN (Diretrizes Curriculares Nacionais) de cada curso, levam em consideração as pautas mais importantes do mercado de trabalho, ou seja, o que você aprende na Sumaré você usa na prática!"
pos-graduacao-em-engenharia-da-qualidade-lean-six-sigma,Engenharia da Qualidade Lean Six Sigma,Híbrido,pos,https://mg.sumare.edu.br/cursos/pos-graduacao/hibrido/pos-graduacao-em-engenharia-da-qualidade-lean-six-sigma,html,1,2,2,"Ambientes de Projeto Ágil, Interativo, Adaptativo e Híbrido - 60hs",
pos-graduacao-em-engenharia-da-qualidade-lean-six-sigma,Engenharia da Qualidade Lean Six Sigma,Híbrido,pos,https://mg.sumare.edu.br/cursos/pos-graduacao/hibrido/pos-graduacao-em-engenharia-da-qualidade-lean-six-sigma,html,1,3,3,Desenvolvimento Profissional - 60hs,
pos-graduacao-em-engenharia-da-qualidade-lean-six-sigma,Engenharia da Qualidade Lean Six Sigma,Híbrido,pos,https://mg.sumare.edu.br/cursos/pos-graduacao/hibrido/pos-graduacao-em-engenharia-da-qualidade-lean-six-sigma,html,1,4,4,Sistemas Estratégicos de Qualidade - 60hs,
pos-graduacao-em-engenharia-da-qualidade-lean-six-sigma,Engenharia da Qualidade Lean Six Sigma,Híbrido,pos,https://mg.sumare.edu.br/cursos/pos-graduacao/hibrido/pos-graduacao-em-engenharia-da-qualidade-lean-six-sigma,html,1,5,5,Técnicas e Ferramentas da Qualidade Integrada - 60hs,
pos-graduacao-em-engenharia-da-qualidade-lean-six-sigma,Engenharia da Qualidade Lean Six Sigma,Híbrido,pos,https://mg.sumare.edu.br/cursos/pos-graduacao/hibrido/pos-graduacao-em-engenharia-da-qualidade-lean-six-sigma,html,1,6,6,Métodos Avançados para a Qualidade Total - 60hs,
pos-graduacao-em-engenharia-da-seguranca-do-trabalho,pos graduacao em engenharia da seguranca do trabalho,Híbrido,pos,https://mg.sumare.edu.br/cursos/pos-graduacao/hibrido/pos-graduacao-em-engenharia-da-seguranca-do-trabalho,erro_http,,,,,
pos-graduacao-em-fiscalizacao-urbana,Fiscalização Urbana,EAD,pos,https://mg.sumare.edu.br/cursos/pos-graduacao/ead/pos-graduacao-em-fiscalizacao-urbana,html,1,1,1,Gestão de Pessoas - 60hs,"As disciplinas de cada curso da Sumaré são concebidas pelo NDE (Núcleo Docente Estruturante), que é composto por professores com notório saber, que além da DCN (Diretrizes Curriculares Nacionais) de cada curso, levam em consideração as pautas mais importantes do mercado de trabalho, ou seja, o que você aprende na Sumaré você usa na prática!"
pos-graduacao-em-fiscalizacao-urbana,Fiscalização Urbana,EAD,pos,https://mg.sumare.edu.br/cursos/pos-graduacao/ead/pos-graduacao-em-fiscalizacao-urbana,html,1,2,2,Direito Administrativo - 60hs,
pos-graduacao-em-fiscalizacao-urbana,Fiscalização Urbana,EAD,pos,https://mg.sumare.edu.br/cursos/pos-graduacao/ead/pos-graduacao-em-fiscalizacao-urbana,html,1,3,3,Gestão de Políticas Públicas - 60hs,
pos-graduacao-em-fiscalizacao-urbana,Fiscalização Urbana,EAD,pos,https://mg.sumare.edu.br/cursos/pos-graduacao/ead/pos-graduacao-em-fiscalizacao-urbana,html,1,4,4,Gestão Estratégica - 60hs,
pos-graduacao-em-fiscalizacao-urbana,Fiscalização Urbana,EAD,pos,https://mg.sumare.edu.br/cursos/pos-graduacao/ead/pos-graduacao-em-fiscalizacao-urbana,html,1,5,5,Planejamento Urbano - 60hs,
pos-graduacao-em-fiscalizacao-urbana,Fiscalização Urbana,EAD,pos,https://mg.sumare.edu.br/cursos/pos-graduacao/ead/pos-graduacao-em-fiscalizacao-urbana,html,1,6,6,Direito Penal e Ética Profissional - 60hs,
pos-graduacao-em-gestao-estrategica-de-pessoas-lideranca-de-alta-performance-e-coaching,Gestão Estratégica de Pessoas: Liderança de Alta Performance e Coaching,Híbrido,pos,https://mg.sumare.edu.br/cursos/pos-graduacao/hibrido/pos-graduacao-em-gestao-estrategica-de-pessoas-lideranca-de-alta-performance-e-coaching,html,1,1,1,"Conflito, Cooperação e Comprometimento no Trabalho - 60hs","As disciplinas de cada curso da Sumaré são concebidas pelo NDE (Núcleo Docente Estruturante), que é composto por professores com notório saber, que além da DCN (Diretrizes Curriculares Nacionais) de cada curso, levam em consideração as pautas mais importantes do mercado de trabalho, ou seja, o que você aprende na Sumaré você usa na prática!"
pos-graduacao-em-gestao-estrategica-de-pessoas-lideranca-de-alta-performance-e-coaching,Gestão Estratégica de Pessoas: Liderança de Alta Performance e Coaching,Híbrido,pos,https://mg.sumare.edu.br/cursos/pos-graduacao/hibrido/pos-graduacao-em-gestao-estrategica-de-pessoas-lideranca-de-alta-performance-e-coaching,html,1,2,2,Desenvolvimento Profissional - 60hs,
pos-graduacao-em-gestao-estrategica-de-pessoas-lideranca-de-alta-performance-e-coaching,Gestão Estratégica de Pessoas: Liderança de Alta Performance e Coaching,Híbrido,pos,https://mg.sumare.edu.br/cursos/pos-graduacao/hibrido/pos-graduacao-em-gestao-estrategica-de-pessoas-lideranca-de-alta-performance-e-coaching,html,1,3,3,"Aprendizagem, Percepção e Motivação - 60hs",
pos-graduacao-em-gestao-estrategica-de-pessoas-lideranca-de-alta-performance-e-coaching,Gestão Estratégica de Pessoas: Liderança de Alta Performance e Coaching,Híbrido,pos,https://mg.sumare.edu.br/cursos/pos-graduacao/hibrido/pos-graduacao-em-gestao-estrategica-de-pessoas-lideranca-de-alta-performance-e-coaching,html,1,4,4,"Criatividade, Inovação e Desenvolvimento do Capital Humano nas Organizações - 60hs",
pos-graduacao-em-gestao-estrategica-de-pessoas-lideranca-de-alta-performance-e-coaching,Gestão Estratégica de Pessoas: Liderança de Alta Performance e Coaching,Híbrido,pos,https://mg.sumare.edu.br/cursos/pos-graduacao/hibrido/pos-graduacao-em-gestao-estrategica-de-pessoas-lideranca-de-alta-performance-e-coaching,html,1,5,5,Gestão de Equipes de Alta Performance e Competências Interpessoais - 60hs,
pos-graduacao-em-gestao-estrategica-de-pessoas-lideranca-de-alta-performance-e-coaching,Gestão Estratégica de Pessoas: Liderança de Alta Performance e Coaching,Híbrido,pos,https://mg.sumare.edu.br/cursos/pos-graduacao/hibrido/pos-graduacao-em-gestao-estrategica-de-pessoas-lideranca-de-alta-performance-e-coaching,html,1,6,6,Coaching de Carreira - Métodos de aplicação prática e simulação corporativa - 60hs,
pos-graduacao-em-gestao-fiscal-e-planejamento-tributario,Gestão Fiscal e Planejamento Tributário,Híbrido,pos,https://mg.sumare.edu.br/cursos/pos-graduacao/hibrido/pos-graduacao-em-gestao-fiscal-e-planejamento-tributario,html,1,1,1,Desenvolvimento Profissional - 60hs,"As disciplinas de cada curso da Sumaré são concebidas pelo NDE (Núcleo Docente Estruturante), que é composto por professores com notório saber, que além da DCN (Diretrizes Curriculares Nacionais) de cada curso, levam em consideração as pautas mais importantes do mercado de trabalho, ou seja, o que você aprende na Sumaré você usa na prática!"
pos-graduacao-em-gestao-fiscal-e-planejamento-tributario,Gestão Fiscal e Planejamento Tributário,Híbrido,pos,https://mg.sumare.edu.br/cursos/pos-graduacao/hibrido/pos-graduacao-em-gestao-fiscal-e-planejamento-tributario,html,1,2,2,Orçamento Empresarial e Gestão de Finanças Corporativas - 60hs,
pos-graduacao-em-gestao-fiscal-e-planejamento-tributario,Gestão Fiscal e Planejamento Tributário,Híbrido,pos,https://mg.sumare.edu.br/cursos/pos-graduacao/hibrido/pos-graduacao-em-gestao-fiscal-e-planejamento-tributario,html,1,3,3,"Contabilidade aplicada aos Tributos Federais, Estaduais e Municipais - 60hs",
pos-graduacao-em-gestao-fiscal-e-planejamento-tributario,Gestão Fiscal e Planejamento Tributário,Híbrido,pos,https://mg.sumare.edu.br/cursos/pos-graduacao/hibrido/pos-graduacao-em-gestao-fiscal-e-planejamento-tributario,html,1,4,4,Planejamento Tributário e Gestão de Passivo Tributário - 60hs,
pos-graduacao-em-gestao-fiscal-e-planejamento-tributario,Gestão Fiscal e Planejamento Tributário,Híbrido,pos,https://mg.sumare.edu.br/cursos/pos-graduacao/hibrido/pos-graduacao-em-gestao-fiscal-e-planejamento-tributario,html,1,5,5,Perícia e Auditoria Tributárias - 60hs,
pos-graduacao-em-gestao-fiscal-e-planejamento-tributario,Gestão Fiscal e Planejamento Tributário,Híbrido,pos,https://mg.sumare.edu.br/cursos/pos-graduacao/hibrido/pos-graduacao-em-gestao-fiscal-e-planejamento-tributario,html,1,6,6,Direito Empresarial Brasileiro - 60hs,
pos-graduacao-em-neuropedagogia,Neuropsicopedagogia,Híbrido,pos,https://mg.sumare.edu.br/cursos/pos-graduacao/hibrido/pos-graduacao-em-neuropedagogia,html,1,1,1,Desenvolvimento Profissional - 60hs,"As disciplinas de cada curso da Sumaré são concebidas pelo NDE (Núcleo Docente Estruturante), que é composto por professores com notório saber, que além da DCN (Diretrizes Curriculares Nacionais) de cada curso, levam em consideração as pautas mais importantes do mercado de trabalho, ou seja, o que você aprende na Sumaré você usa na prática!"
pos-graduacao-em-neuropedagogia,Neuropsicopedagogia,Híbrido,pos,https://mg.sumare.edu.br/cursos/pos-graduacao/hibrido/pos-graduacao-em-neuropedagogia,html,1,2,2,"Neurociências e Processos Básicos, Afetivos e Emocionais e do Desenvolvimento e Movimento - 60hs",
pos-graduacao-em-neuropedagogia,Neuropsicopedagogia,Híbrido,pos,https://mg.sumare.edu.br/cursos/pos-graduacao/hibrido/pos-graduacao-em-neuropedagogia,html,1,3,3,Teorias e Estudos dos Problemas de Aprendizagem - 60hs,
pos-graduacao-em-neuropedagogia,Neuropsicopedagogia,Híbrido,pos,https://mg.sumare.edu.br/cursos/pos-graduacao/hibrido/pos-graduacao-em-neuropedagogia,html,1,4,4,Instrumentos para avaliação da aprendizagem - 60hs,
pos-graduacao-em-neuropedagogia,Neuropsicopedagogia,Híbrido,pos,https://mg.sumare.edu.br/cursos/pos-graduacao/hibrido/pos-graduacao-em-neuropedagogia,html,1,5,5,Fundamentos da Neuropedagogia e dos processos de ensino-aprendizagem - 60hs,
pos-graduacao-em-neuropedagogia,Neuropsicopedagogia,Híbrido,pos,https://mg.sumare.edu.br/cursos/pos-graduacao/hibrido/pos-graduacao-em-neuropedagogia,html,1,6,6,Transtornos Globais do Desenvolvimento - 60hs,
"pos-graduacao-em-psicologia-,-neurociencias-e-comportamento","Psicologia, Neurociências e Comportamento",Híbrido,pos,"https://mg.sumare.edu.br/cursos/pos-graduacao/hibrido/pos-graduacao-em-psicologia-,-neurociencias-e-comportamento",html,1,1,1,Desenvolvimento Profissional - 60hs,"As disciplinas de cada curso da Sumaré são concebidas pelo NDE (Núcleo Docente Estruturante), que é composto por professores com notório saber, que além da DCN (Diretrizes Curriculares Nacionais) de cada curso, levam em consideração as pautas mais importantes do mercado de trabalho, ou seja, o que você aprende na Sumaré você usa na prática!"
"pos-graduacao-em-psicologia-,-neurociencias-e-comportamento","Psicologia, Neurociências e Comportamento",Híbrido,pos,"https://mg.sumare.edu.br/cursos/pos-graduacao/hibrido/pos-graduacao-em-psicologia-,-neurociencias-e-comportamento",html,1,2,2,"Aprendizagem, Percepção e Motivação - 60hs",
"pos-graduacao-em-psicologia-,-neurociencias-e-comportamento","Psicologia, Neurociências e Comportamento",Híbrido,pos,"https://mg.sumare.edu.br/cursos/pos-graduacao/hibrido/pos-graduacao-em-psicologia-,-neurociencias-e-comportamento",html,1,3,3,"Neurociências e Processos Básicos, Afetivos e Emocionais e do Desenvolvimento e Movimento - 60hs",
"pos-graduacao-em-psicologia-,-neurociencias-e-comportamento","Psicologia, Neurociências e Comportamento",Híbrido,pos,"https://mg.sumare.edu.br/cursos/pos-graduacao/hibrido/pos-graduacao-em-psicologia-,-neurociencias-e-comportamento",html,1,4,4,Estudo do Comportamento Humano - 60hs,
"pos-graduacao-em-psicologia-,-neurociencias-e-comportamento","Psicologia, Neurociências e Comportamento",Híbrido,pos,"https://mg.sumare.edu.br/cursos/pos-graduacao/hibrido/pos-graduacao-em-psicologia-,-neurociencias-e-comportamento",html,1,5,5,"Criatividade, Inovação e Desenvolvimento do Capital Humano nas Organizações - 60hs",
"pos-graduacao-em-psicologia-,-neurociencias-e-comportamento","Psicologia, Neurociências e Comportamento",Híbrido,pos,"https://mg.sumare.edu.br/cursos/pos-graduacao/hibrido/pos-graduacao-em-psicologia-,-neurociencias-e-comportamento",html,1,6,6,Diversidade Teórica em Psicologia - 60hs,
pos-graduacao-em-psicologia-positiva-e-desenvolvimento-capital-humano,Psicologia Positiva e Desenvolvimento do Capital Humano nas Organizações,Híbrido,pos,https://mg.sumare.edu.br/cursos/pos-graduacao/hibrido/pos-graduacao-em-psicologia-positiva-e-desenvolvimento-capital-humano,html,1,1,1,Desenvolvimento Profissional - 60hs,"As disciplinas de cada curso da Sumaré são concebidas pelo NDE (Núcleo Docente Estruturante), que é composto por professores com notório saber, que além da DCN (Diretrizes Curriculares Nacionais) de cada curso, levam em consideração as pautas mais importantes do mercado de trabalho, ou seja, o que você aprende na Sumaré você usa na prática!"
pos-graduacao-em-psicologia-positiva-e-desenvolvimento-capital-humano,Psicologia Positiva e Desenvolvimento do Capital Humano nas Organizações,Híbrido,pos,https://mg.sumare.edu.br/cursos/pos-graduacao/hibrido/pos-graduacao-em-psicologia-positiva-e-desenvolvimento-capital-humano,html,1,2,2,"Aprendizagem, Percepção e Motivação - 60hs",
pos-graduacao-em-psicologia-positiva-e-desenvolvimento-capital-humano,Psicologia Positiva e Desenvolvimento do Capital Humano nas Organizações,Híbrido,pos,https://mg.sumare.edu.br/cursos/pos-graduacao/hibrido/pos-graduacao-em-psicologia-positiva-e-desenvolvimento-capital-humano,html,1,3,3,"Criatividade, Inovação e Desenvolvimento do Capital Humano nas Organizações - 60hs",
pos-graduacao-em-psicologia-positiva-e-desenvolvimento-capital-humano,Psicologia Positiva e Desenvolvimento do Capital Humano nas Organizações,Híbrido,pos,https://mg.sumare.edu.br/cursos/pos-graduacao/hibrido/pos-graduacao-em-psicologia-positiva-e-desenvolvimento-capital-humano,html,1,4,4,Agile Mindset e Design Thinking - 60hs,
pos-graduacao-em-psicologia-positiva-e-desenvolvimento-capital-humano,Psicologia Positiva e Desenvolvimento do Capital Humano nas Organizações,Híbrido,pos,https://mg.sumare.edu.br/cursos/pos-graduacao/hibrido/pos-graduacao-em-psicologia-positiva-e-desenvolvimento-capital-humano,html,1,5,5,Diversidade Teórica em Psicologia - 60hs,
pos-graduacao-em-psicologia-positiva-e-desenvolvimento-capital-humano,Psicologia Positiva e Desenvolvimento do Capital Humano nas Organizações,Híbrido,pos,https://mg.sumare.edu.br/cursos/pos-graduacao/hibrido/pos-graduacao-em-psicologia-positiva-e-desenvolvimento-capital-humano,html,1,6,6,"Conflito, Cooperação e Comprometimento no Trabalho - 60hs",
pos-graduacao-em-psicopedagogia-institucional-e-clinica,Psicopedagogia Institucional e Clínica,Híbrido,pos,https://mg.sumare.edu.br/cursos/pos-graduacao/hibrido/pos-graduacao-em-psicopedagogia-institucional-e-clinica,html,1,1,1,Desenvolvimento Profissional - 60hs,"As disciplinas de cada curso da Sumaré são concebidas pelo NDE (Núcleo Docente Estruturante), que é composto por professores com notório saber, que além da DCN (Diretrizes Curriculares Nacionais) de cada curso, levam em consideração as pautas mais importantes do mercado de trabalho, ou seja, o que você aprende na Sumaré você usa na prática!"
pos-graduacao-em-psicopedagogia-institucional-e-clinica,Psicopedagogia Institucional e Clínica,Híbrido,pos,https://mg.sumare.edu.br/cursos/pos-graduacao/hibrido/pos-graduacao-em-psicopedagogia-institucional-e-clinica,html,1,2,2,Teorias e Estudos dos Problemas de Aprendizagem - 60hs,
pos-graduacao-em-psicopedagogia-institucional-e-clinica,Psicopedagogia Institucional e Clínica,Híbrido,pos,https://mg.sumare.edu.br/cursos/pos-graduacao/hibrido/pos-graduacao-em-psicopedagogia-institucional-e-clinica,html,1,3,3,Transtornos Globais do Desenvolvimento - 60hs,
pos-graduacao-em-psicopedagogia-institucional-e-clinica,Psicopedagogia Institucional e Clínica,Híbrido,pos,https://mg.sumare.edu.br/cursos/pos-graduacao/hibrido/pos-graduacao-em-psicopedagogia-institucional-e-clinica,html,1,4,4,Desafios da Inclusão Social e Escolar - 60hs,
pos-graduacao-em-psicopedagogia-institucional-e-clinica,Psicopedagogia Institucional e Clínica,Híbrido,pos,https://mg.sumare.edu.br/cursos/pos-graduacao/hibrido/pos-graduacao-em-psicopedagogia-institucional-e-clinica,html,1,5,5,Orientação de Estágio Clínico - 60hs,
pos-graduacao-em-psicopedagogia-institucional-e-clinica,Psicopedagogia Institucional e Clínica,Híbrido,pos,https://mg.sumare.edu.br/cursos/pos-graduacao/hibrido/pos-graduacao-em-psicopedagogia-institucional-e-clinica,html,1,6,6,Supervisão de Estágio Clínico - 60hs,
pos-Graduacaoo-em-coordenacao-pedagogica-e-gestao-estrategica-de-instituicoes-de-ensino,Coordenação Pedagógica e Gestão Estratégica de Instituições de Ensino,Híbrido,pos,https://mg.sumare.edu.br/cursos/pos-graduacao/hibrido/pos-Graduacaoo-em-coordenacao-pedagogica-e-gestao-estrategica-de-instituicoes-de-ensino,html,1,1,1,Desenvolvimento Profissional - 60hs,"As disciplinas de cada curso da Sumaré são concebidas pelo NDE (Núcleo Docente Estruturante), que é composto por professores com notório saber, que além da DCN (Diretrizes Curriculares Nacionais) de cada curso, levam em consideração as pautas mais importantes do mercado de trabalho, ou seja, o que você aprende na Sumaré você usa na prática!"
pos-Graduacaoo-em-coordenacao-pedagogica-e-gestao-estrategica-de-instituicoes-de-ensino,Coordenação Pedagógica e Gestão Estratégica de Instituições de Ensino,Híbrido,pos,https://mg.sumare.edu.br/cursos/pos-graduacao/hibrido/pos-Graduacaoo-em-coordenacao-pedagogica-e-gestao-estrategica-de-instituicoes-de-ensino,html,1,2,2,Inteligência Competitiva - 60hs,
pos-Graduacaoo-em-coordenacao-pedagogica-e-gestao-estrategica-de-instituicoes-de-ensino,Coordenação Pedagógica e Gestão Estratégica de Instituições de Ensino,Híbrido,pos,https://mg.sumare.edu.br/cursos/pos-graduacao/hibrido/pos-Graduacaoo-em-coordenacao-pedagogica-e-gestao-estrategica-de-instituicoes-de-ensino,html,1,3,3,Teoria Crítica do Curriculo e Propostas no Ensino Formal - 60hs,
pos-Graduacaoo-em-coordenacao-pedagogica-e-gestao-estrategica-de-instituicoes-de-ensino,Coordenação Pedagógica e Gestão Estratégica de Instituições de Ensino,Híbrido,pos,https://mg.sumare.edu.br/cursos/pos-graduacao/hibrido/pos-Graduacaoo-em-coordenacao-pedagogica-e-gestao-estrategica-de-instituicoes-de-ensino,html,1,4,4,Plano de Negócios - 60hs,
pos-Graduacaoo-em-coordenacao-pedagogica-e-gestao-estrategica-de-instituicoes-de-ensino,Coordenação Pedagógica e Gestão Estratégica de Instituições de Ensino,Híbrido,pos,https://mg.sumare.edu.br/cursos/pos-graduacao/hibrido/pos-Graduacaoo-em-coordenacao-pedagogica-e-gestao-estrategica-de-instituicoes-de-ensino,html,1,5,5,Gestão e Coordenação Pedagógica - 60hs,
pos-Graduacaoo-em-coordenacao-pedagogica-e-gestao-estrategica-de-instituicoes-de-ensino,Coordenação Pedagógica e Gestão Estratégica de Instituições de Ensino,Híbrido,pos,https://mg.sumare.edu.br/cursos/pos-graduacao/hibrido/pos-Graduacaoo-em-coordenacao-pedagogica-e-gestao-estrategica-de-instituicoes-de-ensino,html,1,6,6,Gestão de Organizações Educacionais - 60hs,